[
    {
        "__metadata": {
            "id": "https://saptst01.masteritaly.com/sap/opu/odata/sap/ZOFFERTA_SRV/MaterialiSet('A000312003')",
            "uri": "https://saptst01.masteritaly.com/sap/opu/odata/sap/ZOFFERTA_SRV/MaterialiSet('A000312003')",
            "type": "ZOFFERTA_SRV.Materiali"
        },
        "Matnr": "A000312003",
        "Meins": "PZ",
        "Maktx": "CERNIERA A MONTAGGIO RAPIDO TOP RAPID +"
    },
    {
        "__metadata": {
            "id": "https://saptst01.masteritaly.com/sap/opu/odata/sap/ZOFFERTA_SRV/MaterialiSet('A000312013')",
            "uri": "https://saptst01.masteritaly.com/sap/opu/odata/sap/ZOFFERTA_SRV/MaterialiSet('A000312013')",
            "type": "ZOFFERTA_SRV.Materiali"
        },
        "Matnr": "A000312013",
        "Meins": "PZ",
        "Maktx": "CERNIERA A MONTAGGIO RAPIDO TOP RAPID +"
    },
    {
        "__metadata": {
            "id": "https://saptst01.masteritaly.com/sap/opu/odata/sap/ZOFFERTA_SRV/MaterialiSet('A0003120D0X')",
            "uri": "https://saptst01.masteritaly.com/sap/opu/odata/sap/ZOFFERTA_SRV/MaterialiSet('A0003120D0X')",
            "type": "ZOFFERTA_SRV.Materiali"
        },
        "Matnr": "A0003120D0X",
        "Meins": "PZ",
        "Maktx": "CERNIERA A MONTAGGIO RAPIDO TOP RAPID +"
    },
    {
        "__metadata": {
            "id": "https://saptst01.masteritaly.com/sap/opu/odata/sap/ZOFFERTA_SRV/MaterialiSet('A0003120D1')",
            "uri": "https://saptst01.masteritaly.com/sap/opu/odata/sap/ZOFFERTA_SRV/MaterialiSet('A0003120D1')",
            "type": "ZOFFERTA_SRV.Materiali"
        },
        "Matnr": "A0003120D1",
        "Meins": "PZ",
        "Maktx": "CERNIERA A MONTAGGIO RAPIDO TOP RAPID +"
    },
    {
        "__metadata": {
            "id": "https://saptst01.masteritaly.com/sap/opu/odata/sap/ZOFFERTA_SRV/MaterialiSet('A0003120D4')",
            "uri": "https://saptst01.masteritaly.com/sap/opu/odata/sap/ZOFFERTA_SRV/MaterialiSet('A0003120D4')",
            "type": "ZOFFERTA_SRV.Materiali"
        },
        "Matnr": "A0003120D4",
        "Meins": "PZ",
        "Maktx": "CERNIERA A MONTAGGIO RAPIDO TOP RAPID +"
    },
    {
        "__metadata": {
            "id": "https://saptst01.masteritaly.com/sap/opu/odata/sap/ZOFFERTA_SRV/MaterialiSet('A0003120I4')",
            "uri": "https://saptst01.masteritaly.com/sap/opu/odata/sap/ZOFFERTA_SRV/MaterialiSet('A0003120I4')",
            "type": "ZOFFERTA_SRV.Materiali"
        },
        "Matnr": "A0003120I4",
        "Meins": "PZ",
        "Maktx": "CERNIERA A MONTAGGIO RAPIDO TOP RAPID +"
    },
    {
        "__metadata": {
            "id": "https://saptst01.masteritaly.com/sap/opu/odata/sap/ZOFFERTA_SRV/MaterialiSet('A205623')",
            "uri": "https://saptst01.masteritaly.com/sap/opu/odata/sap/ZOFFERTA_SRV/MaterialiSet('A205623')",
            "type": "ZOFFERTA_SRV.Materiali"
        },
        "Matnr": "A205623",
        "Meins": "PZ",
        "Maktx": "TOPKIT-LINEA EXTRAFORTE X SERIE SCORREV."
    },
    {
        "__metadata": {
            "id": "https://saptst01.masteritaly.com/sap/opu/odata/sap/ZOFFERTA_SRV/MaterialiSet('A205624')",
            "uri": "https://saptst01.masteritaly.com/sap/opu/odata/sap/ZOFFERTA_SRV/MaterialiSet('A205624')",
            "type": "ZOFFERTA_SRV.Materiali"
        },
        "Matnr": "A205624",
        "Meins": "PZ",
        "Maktx": "TOPKIT-LINEA EXTRAFORTE X SERIE SCORREV."
    },
    {
        "__metadata": {
            "id": "https://saptst01.masteritaly.com/sap/opu/odata/sap/ZOFFERTA_SRV/MaterialiSet('A203692.01')",
            "uri": "https://saptst01.masteritaly.com/sap/opu/odata/sap/ZOFFERTA_SRV/MaterialiSet('A203692.01')",
            "type": "ZOFFERTA_SRV.Materiali"
        },
        "Matnr": "A203692.01",
        "Meins": "PZ",
        "Maktx": "ANGOLO PER FERMAVETRO ARROTONDATO UNIVER"
    },
    {
        "__metadata": {
            "id": "https://saptst01.masteritaly.com/sap/opu/odata/sap/ZOFFERTA_SRV/MaterialiSet('A2246ARGEN')",
            "uri": "https://saptst01.masteritaly.com/sap/opu/odata/sap/ZOFFERTA_SRV/MaterialiSet('A2246ARGEN')",
            "type": "ZOFFERTA_SRV.Materiali"
        },
        "Matnr": "A2246ARGEN",
        "Meins": "PZ",
        "Maktx": "ANGOLO PER FERMAVETRO ARROTONDATO UNIVER"
    },
    {
        "__metadata": {
            "id": "https://saptst01.masteritaly.com/sap/opu/odata/sap/ZOFFERTA_SRV/MaterialiSet('A0101')",
            "uri": "https://saptst01.masteritaly.com/sap/opu/odata/sap/ZOFFERTA_SRV/MaterialiSet('A0101')",
            "type": "ZOFFERTA_SRV.Materiali"
        },
        "Matnr": "A0101",
        "Meins": "PZ",
        "Maktx": "ANTEA SQUADRETTA AD AGGANCIO INTERNO  36"
    },
    {
        "__metadata": {
            "id": "https://saptst01.masteritaly.com/sap/opu/odata/sap/ZOFFERTA_SRV/MaterialiSet('A0101.2')",
            "uri": "https://saptst01.masteritaly.com/sap/opu/odata/sap/ZOFFERTA_SRV/MaterialiSet('A0101.2')",
            "type": "ZOFFERTA_SRV.Materiali"
        },
        "Matnr": "A0101.2",
        "Meins": "PZ",
        "Maktx": "ANTEA SQUADRETTA AD AGGANCIO INTERNO  36"
    },
    {
        "__metadata": {
            "id": "https://saptst01.masteritaly.com/sap/opu/odata/sap/ZOFFERTA_SRV/MaterialiSet('50103Z01')",
            "uri": "https://saptst01.masteritaly.com/sap/opu/odata/sap/ZOFFERTA_SRV/MaterialiSet('50103Z01')",
            "type": "ZOFFERTA_SRV.Materiali"
        },
        "Matnr": "50103Z01",
        "Meins": "PZ",
        "Maktx": "SCIVOLO ZINC.X SQUADR.IN ACCIAIO A0100/1"
    },
    {
        "__metadata": {
            "id": "https://saptst01.masteritaly.com/sap/opu/odata/sap/ZOFFERTA_SRV/MaterialiSet('MNELE01118')",
            "uri": "https://saptst01.masteritaly.com/sap/opu/odata/sap/ZOFFERTA_SRV/MaterialiSet('MNELE01118')",
            "type": "ZOFFERTA_SRV.Materiali"
        },
        "Matnr": "MNELE01118",
        "Meins": "PZ",
        "Maktx": "Resistenza 9 Kw TOOL-TEMP  COD: WA010003"
    },
    {
        "__metadata": {
            "id": "https://saptst01.masteritaly.com/sap/opu/odata/sap/ZOFFERTA_SRV/MaterialiSet('10A010F')",
            "uri": "https://saptst01.masteritaly.com/sap/opu/odata/sap/ZOFFERTA_SRV/MaterialiSet('10A010F')",
            "type": "ZOFFERTA_SRV.Materiali"
        },
        "Matnr": "10A010F",
        "Meins": "PZ",
        "Maktx": "ALA FEMMINA PER SQUADRETTA A0337"
    },
    {
        "__metadata": {
            "id": "https://saptst01.masteritaly.com/sap/opu/odata/sap/ZOFFERTA_SRV/MaterialiSet('3A010.1')",
            "uri": "https://saptst01.masteritaly.com/sap/opu/odata/sap/ZOFFERTA_SRV/MaterialiSet('3A010.1')",
            "type": "ZOFFERTA_SRV.Materiali"
        },
        "Matnr": "3A010.1",
        "Meins": "PZ",
        "Maktx": "CASSA X MACCHINETTA 6415A X PROFILI ARRO"
    },
    {
        "__metadata": {
            "id": "https://saptst01.masteritaly.com/sap/opu/odata/sap/ZOFFERTA_SRV/MaterialiSet('10A010M')",
            "uri": "https://saptst01.masteritaly.com/sap/opu/odata/sap/ZOFFERTA_SRV/MaterialiSet('10A010M')",
            "type": "ZOFFERTA_SRV.Materiali"
        },
        "Matnr": "10A010M",
        "Meins": "PZ",
        "Maktx": "ALA MASCHIO PER SQUADRETTA A0337"
    },
    {
        "__metadata": {
            "id": "https://saptst01.masteritaly.com/sap/opu/odata/sap/ZOFFERTA_SRV/MaterialiSet('A0101.1')",
            "uri": "https://saptst01.masteritaly.com/sap/opu/odata/sap/ZOFFERTA_SRV/MaterialiSet('A0101.1')",
            "type": "ZOFFERTA_SRV.Materiali"
        },
        "Matnr": "A0101.1",
        "Meins": "PZ",
        "Maktx": "ANTEA SQUADRETTA AD AGG INT  36x14"
    },
    {
        "__metadata": {
            "id": "https://saptst01.masteritaly.com/sap/opu/odata/sap/ZOFFERTA_SRV/MaterialiSet('STA01002')",
            "uri": "https://saptst01.masteritaly.com/sap/opu/odata/sap/ZOFFERTA_SRV/MaterialiSet('STA01002')",
            "type": "ZOFFERTA_SRV.Materiali"
        },
        "Matnr": "STA01002",
        "Meins": "PZ",
        "Maktx": "ALB.DENT. CON PIGNONE CONICO P.15"
    },
    {
        "__metadata": {
            "id": "https://saptst01.masteritaly.com/sap/opu/odata/sap/ZOFFERTA_SRV/MaterialiSet('STA01001')",
            "uri": "https://saptst01.masteritaly.com/sap/opu/odata/sap/ZOFFERTA_SRV/MaterialiSet('STA01001')",
            "type": "ZOFFERTA_SRV.Materiali"
        },
        "Matnr": "STA01001",
        "Meins": "PZ",
        "Maktx": "ALB.DENT. DOPPIO X MASCH. BMI 200 INTERC"
    },
    {
        "__metadata": {
            "id": "https://saptst01.masteritaly.com/sap/opu/odata/sap/ZOFFERTA_SRV/MaterialiSet('A3060NEOPA')",
            "uri": "https://saptst01.masteritaly.com/sap/opu/odata/sap/ZOFFERTA_SRV/MaterialiSet('A3060NEOPA')",
            "type": "ZOFFERTA_SRV.Materiali"
        },
        "Matnr": "A3060NEOPA",
        "Meins": "C.",
        "Maktx": "DOPPIA MANIGLIA LINEA COMFORT"
    },
    {
        "__metadata": {
            "id": "https://saptst01.masteritaly.com/sap/opu/odata/sap/ZOFFERTA_SRV/MaterialiSet('A3060NEOPA.1')",
            "uri": "https://saptst01.masteritaly.com/sap/opu/odata/sap/ZOFFERTA_SRV/MaterialiSet('A3060NEOPA.1')",
            "type": "ZOFFERTA_SRV.Materiali"
        },
        "Matnr": "A3060NEOPA.1",
        "Meins": "C.",
        "Maktx": "DOPPIA MANIGLIA LINEA TWIST"
    },
    {
        "__metadata": {
            "id": "https://saptst01.masteritaly.com/sap/opu/odata/sap/ZOFFERTA_SRV/MaterialiSet('A3060NEOPA.59')",
            "uri": "https://saptst01.masteritaly.com/sap/opu/odata/sap/ZOFFERTA_SRV/MaterialiSet('A3060NEOPA.59')",
            "type": "ZOFFERTA_SRV.Materiali"
        },
        "Matnr": "A3060NEOPA.59",
        "Meins": "C.",
        "Maktx": "DOPPIA MANIGLIA LINEA COMFORT S/MOLLA RI"
    },
    {
        "__metadata": {
            "id": "https://saptst01.masteritaly.com/sap/opu/odata/sap/ZOFFERTA_SRV/MaterialiSet('A3060NEOPA.72')",
            "uri": "https://saptst01.masteritaly.com/sap/opu/odata/sap/ZOFFERTA_SRV/MaterialiSet('A3060NEOPA.72')",
            "type": "ZOFFERTA_SRV.Materiali"
        },
        "Matnr": "A3060NEOPA.72",
        "Meins": "C.",
        "Maktx": "DOPPIA MANIGLIA LINEA COMFORT S/MOLLA RI"
    },
    {
        "__metadata": {
            "id": "https://saptst01.masteritaly.com/sap/opu/odata/sap/ZOFFERTA_SRV/MaterialiSet('A3060NEOPA.68')",
            "uri": "https://saptst01.masteritaly.com/sap/opu/odata/sap/ZOFFERTA_SRV/MaterialiSet('A3060NEOPA.68')",
            "type": "ZOFFERTA_SRV.Materiali"
        },
        "Matnr": "A3060NEOPA.68",
        "Meins": "C.",
        "Maktx": "DOPPIA MANIGLIA LINEA COMFORT ASS. PERS."
    },
    {
        "__metadata": {
            "id": "https://saptst01.masteritaly.com/sap/opu/odata/sap/ZOFFERTA_SRV/MaterialiSet('A3060NEOPA.65')",
            "uri": "https://saptst01.masteritaly.com/sap/opu/odata/sap/ZOFFERTA_SRV/MaterialiSet('A3060NEOPA.65')",
            "type": "ZOFFERTA_SRV.Materiali"
        },
        "Matnr": "A3060NEOPA.65",
        "Meins": "C.",
        "Maktx": "DOPPIA MANIGLIA LINEA COMFORT C/QUADRO D"
    },
    {
        "__metadata": {
            "id": "https://saptst01.masteritaly.com/sap/opu/odata/sap/ZOFFERTA_SRV/MaterialiSet('A3060NEOPA.51')",
            "uri": "https://saptst01.masteritaly.com/sap/opu/odata/sap/ZOFFERTA_SRV/MaterialiSet('A3060NEOPA.51')",
            "type": "ZOFFERTA_SRV.Materiali"
        },
        "Matnr": "A3060NEOPA.51",
        "Meins": "C.",
        "Maktx": "DOPPIA MANIGLIA LINEA COMFORT TAMPOGRAFA"
    },
    {
        "__metadata": {
            "id": "https://saptst01.masteritaly.com/sap/opu/odata/sap/ZOFFERTA_SRV/MaterialiSet('A3060NEOPA.67')",
            "uri": "https://saptst01.masteritaly.com/sap/opu/odata/sap/ZOFFERTA_SRV/MaterialiSet('A3060NEOPA.67')",
            "type": "ZOFFERTA_SRV.Materiali"
        },
        "Matnr": "A3060NEOPA.67",
        "Meins": "C.",
        "Maktx": "DOPPIA MANIGLIA LINEA COMFORT C/QUADRO 1"
    },
    {
        "__metadata": {
            "id": "https://saptst01.masteritaly.com/sap/opu/odata/sap/ZOFFERTA_SRV/MaterialiSet('A3060NEOPA.60')",
            "uri": "https://saptst01.masteritaly.com/sap/opu/odata/sap/ZOFFERTA_SRV/MaterialiSet('A3060NEOPA.60')",
            "type": "ZOFFERTA_SRV.Materiali"
        },
        "Matnr": "A3060NEOPA.60",
        "Meins": "C.",
        "Maktx": "DOPPIA MANIGLIA LINEA COMFORT TAMPOGRAFI"
    },
    {
        "__metadata": {
            "id": "https://saptst01.masteritaly.com/sap/opu/odata/sap/ZOFFERTA_SRV/MaterialiSet('A3060NEOPA.69')",
            "uri": "https://saptst01.masteritaly.com/sap/opu/odata/sap/ZOFFERTA_SRV/MaterialiSet('A3060NEOPA.69')",
            "type": "ZOFFERTA_SRV.Materiali"
        },
        "Matnr": "A3060NEOPA.69",
        "Meins": "C.",
        "Maktx": "DOPPIA MANIGLIA LINEA COMFORT MANICO ASP"
    },
    {
        "__metadata": {
            "id": "https://saptst01.masteritaly.com/sap/opu/odata/sap/ZOFFERTA_SRV/MaterialiSet('A3060A9010')",
            "uri": "https://saptst01.masteritaly.com/sap/opu/odata/sap/ZOFFERTA_SRV/MaterialiSet('A3060A9010')",
            "type": "ZOFFERTA_SRV.Materiali"
        },
        "Matnr": "A3060A9010",
        "Meins": "C.",
        "Maktx": "DOPPIA MANIGLIA LINEA COMFORT"
    },
    {
        "__metadata": {
            "id": "https://saptst01.masteritaly.com/sap/opu/odata/sap/ZOFFERTA_SRV/MaterialiSet('A3060ABRON')",
            "uri": "https://saptst01.masteritaly.com/sap/opu/odata/sap/ZOFFERTA_SRV/MaterialiSet('A3060ABRON')",
            "type": "ZOFFERTA_SRV.Materiali"
        },
        "Matnr": "A3060ABRON",
        "Meins": "C.",
        "Maktx": "DOPPIA MANIGLIA LINEA COMFORT"
    },
    {
        "__metadata": {
            "id": "https://saptst01.masteritaly.com/sap/opu/odata/sap/ZOFFERTA_SRV/MaterialiSet('A3060AGRIF')",
            "uri": "https://saptst01.masteritaly.com/sap/opu/odata/sap/ZOFFERTA_SRV/MaterialiSet('A3060AGRIF')",
            "type": "ZOFFERTA_SRV.Materiali"
        },
        "Matnr": "A3060AGRIF",
        "Meins": "C.",
        "Maktx": "DOPPIA MANIGLIA LINEA COMFORT"
    },
    {
        "__metadata": {
            "id": "https://saptst01.masteritaly.com/sap/opu/odata/sap/ZOFFERTA_SRV/MaterialiSet('A3060ARGEN')",
            "uri": "https://saptst01.masteritaly.com/sap/opu/odata/sap/ZOFFERTA_SRV/MaterialiSet('A3060ARGEN')",
            "type": "ZOFFERTA_SRV.Materiali"
        },
        "Matnr": "A3060ARGEN",
        "Meins": "C.",
        "Maktx": "DOPPIA MANIGLIA LINEA COMFORT"
    },
    {
        "__metadata": {
            "id": "https://saptst01.masteritaly.com/sap/opu/odata/sap/ZOFFERTA_SRV/MaterialiSet('A3060AVOR')",
            "uri": "https://saptst01.masteritaly.com/sap/opu/odata/sap/ZOFFERTA_SRV/MaterialiSet('A3060AVOR')",
            "type": "ZOFFERTA_SRV.Materiali"
        },
        "Matnr": "A3060AVOR",
        "Meins": "C.",
        "Maktx": "DOPPIA MANIGLIA LINEA COMFORT"
    },
    {
        "__metadata": {
            "id": "https://saptst01.masteritaly.com/sap/opu/odata/sap/ZOFFERTA_SRV/MaterialiSet('A3060BRONZ')",
            "uri": "https://saptst01.masteritaly.com/sap/opu/odata/sap/ZOFFERTA_SRV/MaterialiSet('A3060BRONZ')",
            "type": "ZOFFERTA_SRV.Materiali"
        },
        "Matnr": "A3060BRONZ",
        "Meins": "C.",
        "Maktx": "DOPPIA MANIGLIA LINEA COMFORT"
    },
    {
        "__metadata": {
            "id": "https://saptst01.masteritaly.com/sap/opu/odata/sap/ZOFFERTA_SRV/MaterialiSet('A3060D9006')",
            "uri": "https://saptst01.masteritaly.com/sap/opu/odata/sap/ZOFFERTA_SRV/MaterialiSet('A3060D9006')",
            "type": "ZOFFERTA_SRV.Materiali"
        },
        "Matnr": "A3060D9006",
        "Meins": "C.",
        "Maktx": "DOPPIA MANIGLIA LINEA COMFORT"
    },
    {
        "__metadata": {
            "id": "https://saptst01.masteritaly.com/sap/opu/odata/sap/ZOFFERTA_SRV/MaterialiSet('A3060D9010')",
            "uri": "https://saptst01.masteritaly.com/sap/opu/odata/sap/ZOFFERTA_SRV/MaterialiSet('A3060D9010')",
            "type": "ZOFFERTA_SRV.Materiali"
        },
        "Matnr": "A3060D9010",
        "Meins": "C.",
        "Maktx": "DOPPIA MANIGLIA LINEA COMFORT"
    },
    {
        "__metadata": {
            "id": "https://saptst01.masteritaly.com/sap/opu/odata/sap/ZOFFERTA_SRV/MaterialiSet('A3060D9420')",
            "uri": "https://saptst01.masteritaly.com/sap/opu/odata/sap/ZOFFERTA_SRV/MaterialiSet('A3060D9420')",
            "type": "ZOFFERTA_SRV.Materiali"
        },
        "Matnr": "A3060D9420",
        "Meins": "C.",
        "Maktx": "DOPPIA MANIGLIA LINEA COMFORT"
    },
    {
        "__metadata": {
            "id": "https://saptst01.masteritaly.com/sap/opu/odata/sap/ZOFFERTA_SRV/MaterialiSet('A3060DARGEN')",
            "uri": "https://saptst01.masteritaly.com/sap/opu/odata/sap/ZOFFERTA_SRV/MaterialiSet('A3060DARGEN')",
            "type": "ZOFFERTA_SRV.Materiali"
        },
        "Matnr": "A3060DARGEN",
        "Meins": "C.",
        "Maktx": "DOPPIA MANIGLIA LINEA COMFORT"
    }
]