[   
    {
        "__metadata": {
            "id": "https://saptst01.masteritaly.com/sap/opu/odata/sap/ZOFFERTA_SRV/PosizioneSet(Vbeln='20000408',Posnr='000010')",
            "uri": "https://saptst01.masteritaly.com/sap/opu/odata/sap/ZOFFERTA_SRV/PosizioneSet(Vbeln='20000408',Posnr='000010')",
            "type": "ZOFFERTA_SRV.Posizione"
        },
        "Vbeln": "20000408",
        "Posnr": "000010",
        "Matnr": "A0101",
        "Arktx": "ANTEA SQUADRETTA AD AGGANCIO INTERNO  36",
        "Kwmeng": "100.00",
        "Vrkme": "PZ",
        "Netwr": "4.00",
        "Waerk": "EUR",
        "Zpli": "0.000",
        "Zspn": "0.000",
        "Zsr1": 0,
        "Zsr2": 0,
        "Zsr3": 0,
        "Zsr4": 0,
        "SemYptp": "1"
    },
    {
        "__metadata": {
            "id": "https://saptst01.masteritaly.com/sap/opu/odata/sap/ZOFFERTA_SRV/PosizioneSet(Vbeln='20000312',Posnr='000010')",
            "uri": "https://saptst01.masteritaly.com/sap/opu/odata/sap/ZOFFERTA_SRV/PosizioneSet(Vbeln='20000312',Posnr='000010')",
            "type": "ZOFFERTA_SRV.Posizione"
        },
        "Vbeln": "20000312",
        "Posnr": "000010",
        "Zasf": "0.000",
        "Awahr": "000",
        "Matnr": "S000",
        "Arktx": "A3421GR7039.1 - AR\"\"WEEN\"\"ERRE RISC.FISS",
        "Pstyv": "ZONC",
        "Kwmeng": "50.000",
        "Vrkme": "UR",
        "Netwr": "209.80",
        "Waerk": "EUR",
        "Zpli": "219.600",
        "Zspn": "0.000",
        "Zsr1": 0,
        "Zsr2": 0,
        "Zsr3": 0,
        "Zsr4": 0,
        "Yptp": "0.000",
        "Zasg": "0.000",
        "SemYptp": "3"
    },
    {
        "__metadata": {
            "id": "https://saptst01.masteritaly.com/sap/opu/odata/sap/ZOFFERTA_SRV/PosizioneSet(Vbeln='20000312',Posnr='000020')",
            "uri": "https://saptst01.masteritaly.com/sap/opu/odata/sap/ZOFFERTA_SRV/PosizioneSet(Vbeln='20000312',Posnr='000020')",
            "type": "ZOFFERTA_SRV.Posizione"
        },
        "Vbeln": "20000312",
        "Posnr": "000020",
        "Zasf": "0.000",
        "Awahr": "000",
        "Matnr": "S000",
        "Arktx": "A3421GR7039.1 - AR\"\"WEEN\"\"ERRE RISC.FISS",
        "Pstyv": "ZONC",
        "Kwmeng": "10.000",
        "Vrkme": "UR",
        "Netwr": "365.87",
        "Waerk": "EUR",
        "Zpli": "3658.700",
        "Zspn": "0.000",
        "Zsr1": 0,
        "Zsr2": 0,
        "Zsr3": 0,
        "Zsr4": 0,
        "Yptp": "0.000",
        "Zasg": "0.000",
        "SemYptp": "3"
    },
    {
        "__metadata": {
            "id": "https://saptst01.masteritaly.com/sap/opu/odata/sap/ZOFFERTA_SRV/PosizioneSet(Vbeln='20000064',Posnr='000010')",
            "uri": "https://saptst01.masteritaly.com/sap/opu/odata/sap/ZOFFERTA_SRV/PosizioneSet(Vbeln='20000064',Posnr='000010')",
            "type": "ZOFFERTA_SRV.Posizione"
        },
        "Vbeln": "20000064",
        "Posnr": "000010",
        "Zasf": "0.000",
        "Awahr": "000",
        "Matnr": "A2224ARGEN",
        "Arktx": "ANGOLO PER FERMAVETRO ARROTONDATO PROFIL",
        "Pstyv": "ZONC",
        "Kwmeng": "140.00",
        "Vrkme": "PZ",
        "Netwr": "68.60",
        "Waerk": "EUR",
        "Zpli": "141.370",
        "Zspn": "42.230",
        "Zsr1": 40,
        "Zsr2": 0,
        "Zsr3": 0,
        "Zsr4": 0,
        "Yptp": "0.000",
        "Zasg": "0.000",
        "SemYptp": "3"
    }
]