[
    {
        "__metadata": {
            "id": "https://saptst01.masteritaly.com/sap/opu/odata/sap/ZOFFERTA_SRV/TestataSet('20000064')",
            "uri": "https://saptst01.masteritaly.com/sap/opu/odata/sap/ZOFFERTA_SRV/TestataSet('20000064')",
            "type": "ZOFFERTA_SRV.Testata"
        },
        "Vbeln": "20000064",
        "Inco1Txt": "Franco nolo e assicuraz.",
        "Vtweg": "10",
        "VkorgTxt": "Master Italy",
        "Zterm": "C307",
        "Auart": "ZONC",
        "VtwegTxt": "Generico",
        "Kdgrp": "06",
        "SpartTxt": "Generico",
        "AugruTxt": "VENDITA",
        "Spart": "10",
        "KunnrCm": "101501",
        "ZtermTxt": "RI.BA. 60/90 GG DF FM",
        "KdgrpTxt": "DISTR.RI PROFIL./EKU",
        "Simulazione": false,
        "KunnrDm": "101501",
        "Name1Cm": "PROFILATI S.P.A.",
        "Bstdk": null,
        "Name1Dm": "PROFILATI S.P.A.",
        "Bstnk": "Richiesta cliente",
        "Vkorg": "MITA",
        "Angdt": "/Date(1579737600000)/",
        "Bnddt": "/Date(1582329600000)/",
        "Vdatu": "/Date(1579737600000)/",
        "Augru": "AAA",
        "Zsin": "0.000",
        "Zsce": "0.000",
        "Netwr": "68.600",
        "Waerk": "EUR",
        "Inco1": "CIP",
        "Yptp": "0.000",
        "Akprz": "0.00",
        "AuartTxt": "Offerta"
    },
    {
        "__metadata": {
            "id": "https://saptst01.masteritaly.com/sap/opu/odata/sap/ZOFFERTA_SRV/TestataSet('20000116')",
            "uri": "https://saptst01.masteritaly.com/sap/opu/odata/sap/ZOFFERTA_SRV/TestataSet('20000116')",
            "type": "ZOFFERTA_SRV.Testata"
        },
        "Vbeln": "20000116",
        "Inco1Txt": "Franco nolo e assicuraz.",
        "Vtweg": "10",
        "VkorgTxt": "Master Italy",
        "Zterm": "C312",
        "Auart": "ZONC",
        "VtwegTxt": "Generico",
        "Kdgrp": "01",
        "SpartTxt": "Generico",
        "AugruTxt": "VENDITA",
        "Spart": "10",
        "KunnrCm": "102999",
        "ZtermTxt": "RI.BA. 120 GG DF FM",
        "KdgrpTxt": "AZZURRO GROUP",
        "Simulazione": false,
        "KunnrDm": "102999",
        "Name1Cm": "PIETRA S.R.L.",
        "Bstdk": null,
        "Name1Dm": "PIETRA S.R.L.",
        "Bstnk": "Richiesta da ns. agente",
        "Vkorg": "MITA",
        "Angdt": "/Date(1580774400000)/",
        "Bnddt": "/Date(1583366400000)/",
        "Vdatu": "/Date(1580774400000)/",
        "Augru": "AAA",
        "Zsin": "0.000",
        "Zsce": "0.000",
        "Netwr": "4703.940",
        "Waerk": "EUR",
        "Inco1": "CIP",
        "Yptp": "0.000",
        "Akprz": "0.00",
        "AuartTxt": "Offerta"
    },
    {
        "__metadata": {
            "id": "https://saptst01.masteritaly.com/sap/opu/odata/sap/ZOFFERTA_SRV/TestataSet('20000312')",
            "uri": "https://saptst01.masteritaly.com/sap/opu/odata/sap/ZOFFERTA_SRV/TestataSet('20000312')",
            "type": "ZOFFERTA_SRV.Testata"
        },
        "Vbeln": "20000312",
        "Inco1Txt": "Franco nolo e assicuraz.",
        "Vtweg": "10",
        "VkorgTxt": "Master Italy",
        "Zterm": "C390",
        "Auart": "ZONC",
        "VtwegTxt": "Generico",
        "Kdgrp": "17",
        "SpartTxt": "Generico",
        "AugruTxt": "VENDITA",
        "Spart": "10",
        "KunnrCm": "102984",
        "ZtermTxt": "RI.BA. 90 GG DF FM",
        "KdgrpTxt": "CONS. TWIN SYSTEMS",
        "Simulazione": false,
        "KunnrDm": "102984",
        "Name1Cm": "PAESANI SRL",
        "Bstdk": null,
        "Name1Dm": "PAESANI SRL",
        "Bstnk": "Vs. richiesta di offerta",
        "Vkorg": "MITA",
        "Angdt": "/Date(1584057600000)/",
        "Bnddt": "/Date(1586649600000)/",
        "Vdatu": "/Date(1584057600000)/",
        "Augru": "AAA",
        "Zsin": "0.000",
        "Zsce": "0.000",
        "Netwr": "575.670",
        "Waerk": "EUR",
        "Inco1": "CIP",
        "Yptp": "0.000",
        "Akprz": "0.00",
        "AuartTxt": "Offerta"
    },
    {
        "__metadata": {
            "id": "https://saptst01.masteritaly.com/sap/opu/odata/sap/ZOFFERTA_SRV/TestataSet('20000329')",
            "uri": "https://saptst01.masteritaly.com/sap/opu/odata/sap/ZOFFERTA_SRV/TestataSet('20000329')",
            "type": "ZOFFERTA_SRV.Testata"
        },
        "Vbeln": "20000329",
        "Inco1Txt": "Franco nolo e assicuraz.",
        "Vtweg": "10",
        "VkorgTxt": "Master Italy",
        "Zterm": "C360",
        "Auart": "ZONC",
        "VtwegTxt": "Generico",
        "Kdgrp": "99",
        "SpartTxt": "Generico",
        "AugruTxt": "VENDITA",
        "Spart": "10",
        "KunnrCm": "103098",
        "ZtermTxt": "RI.BA. 60 GG DF FM",
        "KdgrpTxt": "ALTRO",
        "Simulazione": false,
        "KunnrDm": "103098",
        "Name1Cm": "UNIX SERVICE SRL",
        "Bstdk": null,
        "Name1Dm": "UNIX SERVICE SRL",
        "Bstnk": "ORDINE DIRETTO",
        "Vkorg": "MITA",
        "Angdt": "/Date(1584403200000)/",
        "Bnddt": "/Date(1586995200000)/",
        "Vdatu": "/Date(1584403200000)/",
        "Augru": "AAA",
        "Zsin": "0.000",
        "Zsce": "0.000",
        "Netwr": "1423.520",
        "Waerk": "EUR",
        "Inco1": "CIP",
        "Yptp": "0.000",
        "Akprz": "0.00",
        "AuartTxt": "Offerta"
    },
    {
        "__metadata": {
            "id": "https://saptst01.masteritaly.com/sap/opu/odata/sap/ZOFFERTA_SRV/TestataSet('20000360')",
            "uri": "https://saptst01.masteritaly.com/sap/opu/odata/sap/ZOFFERTA_SRV/TestataSet('20000360')",
            "type": "ZOFFERTA_SRV.Testata"
        },
        "Vbeln": "20000360",
        "Inco1Txt": "Franco nolo e assicuraz.",
        "Vtweg": "10",
        "VkorgTxt": "Master Italy",
        "Zterm": "C307",
        "Auart": "ZONC",
        "VtwegTxt": "Generico",
        "Kdgrp": "06",
        "SpartTxt": "Generico",
        "AugruTxt": "VENDITA",
        "Spart": "10",
        "KunnrCm": "101501",
        "ZtermTxt": "RI.BA. 60/90 GG DF FM",
        "KdgrpTxt": "DISTR.RI PROFIL./EKU",
        "Simulazione": false,
        "KunnrDm": "101501",
        "Name1Cm": "PROFILATI S.P.A.",
        "Bstdk": null,
        "Name1Dm": "PROFILATI S.P.A.",
        "Bstnk": "Rif. offerta impacchettabile",
        "Vkorg": "MITA",
        "Angdt": "/Date(1585526400000)/",
        "Bnddt": "/Date(1588118400000)/",
        "Vdatu": "/Date(1586304000000)/",
        "Augru": "AAA",
        "Zsin": "0.000",
        "Zsce": "0.000",
        "Netwr": "20951.950",
        "Waerk": "EUR",
        "Inco1": "CIP",
        "Yptp": "0.000",
        "Akprz": "0.00",
        "AuartTxt": "Offerta"
    },
    {
        "__metadata": {
            "id": "https://saptst01.masteritaly.com/sap/opu/odata/sap/ZOFFERTA_SRV/TestataSet('20000361')",
            "uri": "https://saptst01.masteritaly.com/sap/opu/odata/sap/ZOFFERTA_SRV/TestataSet('20000361')",
            "type": "ZOFFERTA_SRV.Testata"
        },
        "Vbeln": "20000361",
        "Inco1Txt": "Franco nolo e assicuraz.",
        "Vtweg": "10",
        "VkorgTxt": "Master Italy",
        "Zterm": "C307",
        "Auart": "ZONC",
        "VtwegTxt": "Generico",
        "Kdgrp": "06",
        "SpartTxt": "Generico",
        "AugruTxt": "VENDITA",
        "Spart": "10",
        "KunnrCm": "101501",
        "ZtermTxt": "RI.BA. 60/90 GG DF FM",
        "KdgrpTxt": "DISTR.RI PROFIL./EKU",
        "Simulazione": false,
        "KunnrDm": "101501",
        "Name1Cm": "PROFILATI S.P.A.",
        "Bstdk": null,
        "Name1Dm": "PROFILATI S.P.A.",
        "Bstnk": "Rif. offerta impacchettabile",
        "Vkorg": "MITA",
        "Angdt": "/Date(1585526400000)/",
        "Bnddt": "/Date(1588118400000)/",
        "Vdatu": "/Date(1586304000000)/",
        "Augru": "AAA",
        "Zsin": "0.000",
        "Zsce": "0.000",
        "Netwr": "19646.860",
        "Waerk": "EUR",
        "Inco1": "CIP",
        "Yptp": "0.000",
        "Akprz": "0.00",
        "AuartTxt": "Offerta"
    },
    {
        "__metadata": {
            "id": "https://saptst01.masteritaly.com/sap/opu/odata/sap/ZOFFERTA_SRV/TestataSet('20000405')",
            "uri": "https://saptst01.masteritaly.com/sap/opu/odata/sap/ZOFFERTA_SRV/TestataSet('20000405')",
            "type": "ZOFFERTA_SRV.Testata"
        },
        "Vbeln": "20000405",
        "Inco1Txt": "Franco nolo e assicuraz.",
        "Vtweg": "10",
        "VkorgTxt": "Master Italy",
        "Zterm": "C390",
        "Auart": "ZONC",
        "VtwegTxt": "Generico",
        "Kdgrp": "17",
        "SpartTxt": "Generico",
        "AugruTxt": "VENDITA",
        "Spart": "10",
        "KunnrCm": "102984",
        "ZtermTxt": "RI.BA. 90 GG DF FM",
        "KdgrpTxt": "CONS. TWIN SYSTEMS",
        "Simulazione": false,
        "KunnrDm": "102984",
        "Name1Cm": "PAESANI SRL",
        "Bstdk": null,
        "Name1Dm": "PAESANI SRL",
        "Bstnk": "Rif.offerta AR R40",
        "Vkorg": "MITA",
        "Angdt": "/Date(1588550400000)/",
        "Bnddt": "/Date(1591142400000)/",
        "Vdatu": "/Date(1588550400000)/",
        "Augru": "AAA",
        "Zsin": "0.000",
        "Zsce": "0.000",
        "Netwr": "2148.830",
        "Waerk": "EUR",
        "Inco1": "CIP",
        "Yptp": "0.000",
        "Akprz": "0.00",
        "AuartTxt": "Offerta"
    },
    {
        "__metadata": {
            "id": "https://saptst01.masteritaly.com/sap/opu/odata/sap/ZOFFERTA_SRV/TestataSet('20000451')",
            "uri": "https://saptst01.masteritaly.com/sap/opu/odata/sap/ZOFFERTA_SRV/TestataSet('20000451')",
            "type": "ZOFFERTA_SRV.Testata"
        },
        "Vbeln": "20000451",
        "Inco1Txt": "Franco nolo e assicuraz.",
        "Vtweg": "10",
        "VkorgTxt": "Master Italy",
        "Zterm": "C312",
        "Auart": "ZONC",
        "VtwegTxt": "Generico",
        "Kdgrp": "99",
        "SpartTxt": "Generico",
        "AugruTxt": "VENDITA",
        "Spart": "10",
        "KunnrCm": "100378",
        "ZtermTxt": "RI.BA. 120 GG DF FM",
        "KdgrpTxt": "ALTRO",
        "Simulazione": false,
        "KunnrDm": "100378",
        "Name1Cm": "C.L.L. COMM. LEGHE LEGGERE S.R",
        "Bstdk": null,
        "Name1Dm": "C.L.L. COMM. LEGHE LEGGERE S.R",
        "Bstnk": "",
        "Vkorg": "MITA",
        "Angdt": "/Date(1590537600000)/",
        "Bnddt": "/Date(1593129600000)/",
        "Vdatu": "/Date(1590537600000)/",
        "Augru": "AAA",
        "Zsin": "0.000",
        "Zsce": "0.000",
        "Netwr": "357.090",
        "Waerk": "EUR",
        "Inco1": "CIP",
        "Yptp": "0.000",
        "Akprz": "0.00",
        "AuartTxt": "Offerta"
    },
    {
        "__metadata": {
            "id": "https://saptst01.masteritaly.com/sap/opu/odata/sap/ZOFFERTA_SRV/TestataSet('20000473')",
            "uri": "https://saptst01.masteritaly.com/sap/opu/odata/sap/ZOFFERTA_SRV/TestataSet('20000473')",
            "type": "ZOFFERTA_SRV.Testata"
        },
        "Vbeln": "20000473",
        "Inco1Txt": "Franco nolo e assicuraz.",
        "Vtweg": "10",
        "VkorgTxt": "Master Italy",
        "Zterm": "C312",
        "Auart": "ZONC",
        "VtwegTxt": "Generico",
        "Kdgrp": "99",
        "SpartTxt": "Generico",
        "AugruTxt": "VENDITA",
        "Spart": "10",
        "KunnrCm": "100378",
        "ZtermTxt": "RI.BA. 120 GG DF FM",
        "KdgrpTxt": "ALTRO",
        "Simulazione": false,
        "KunnrDm": "100378",
        "Name1Cm": "C.L.L. COMM. LEGHE LEGGERE S.R",
        "Bstdk": null,
        "Name1Dm": "C.L.L. COMM. LEGHE LEGGERE S.R",
        "Bstnk": "Rif.Vs.richiesta di offerta",
        "Vkorg": "MITA",
        "Angdt": "/Date(1591228800000)/",
        "Bnddt": "/Date(1593820800000)/",
        "Vdatu": "/Date(1591228800000)/",
        "Augru": "AAA",
        "Zsin": "0.000",
        "Zsce": "0.000",
        "Netwr": "373.620",
        "Waerk": "EUR",
        "Inco1": "CIP",
        "Yptp": "0.000",
        "Akprz": "0.00",
        "AuartTxt": "Offerta"
    },
    {
        "__metadata": {
            "id": "https://saptst01.masteritaly.com/sap/opu/odata/sap/ZOFFERTA_SRV/TestataSet('20000492')",
            "uri": "https://saptst01.masteritaly.com/sap/opu/odata/sap/ZOFFERTA_SRV/TestataSet('20000492')",
            "type": "ZOFFERTA_SRV.Testata"
        },
        "Vbeln": "20000492",
        "Inco1Txt": "Franco nolo e assicuraz.",
        "Vtweg": "10",
        "VkorgTxt": "Master Italy",
        "Zterm": "C1AN",
        "Auart": "ZONC",
        "VtwegTxt": "Generico",
        "Kdgrp": "99",
        "SpartTxt": "Generico",
        "AugruTxt": "VENDITA",
        "Spart": "10",
        "KunnrCm": "102901",
        "ZtermTxt": "BONIFICO BANCARIO ANTICIPATO",
        "KdgrpTxt": "ALTRO",
        "Simulazione": false,
        "KunnrDm": "400614",
        "Name1Cm": "IMPERIAL GROUP",
        "Bstdk": null,
        "Name1Dm": "IMPERIAL GROUP",
        "Bstnk": "ORDINE AGENTE",
        "Vkorg": "MITA",
        "Angdt": "/Date(1591747200000)/",
        "Bnddt": "/Date(1594339200000)/",
        "Vdatu": "/Date(1591747200000)/",
        "Augru": "AAA",
        "Zsin": "0.000",
        "Zsce": "0.000",
        "Netwr": "2212.560",
        "Waerk": "EUR",
        "Inco1": "CIP",
        "Yptp": "0.000",
        "Akprz": "0.00",
        "AuartTxt": "Offerta"
    },
    {
        "__metadata": {
            "id": "https://saptst01.masteritaly.com/sap/opu/odata/sap/ZOFFERTA_SRV/TestataSet('20000493')",
            "uri": "https://saptst01.masteritaly.com/sap/opu/odata/sap/ZOFFERTA_SRV/TestataSet('20000493')",
            "type": "ZOFFERTA_SRV.Testata"
        },
        "Vbeln": "20000493",
        "Inco1Txt": "Franco nolo e assicuraz.",
        "Vtweg": "10",
        "VkorgTxt": "Master Italy",
        "Zterm": "C307",
        "Auart": "ZONC",
        "VtwegTxt": "Generico",
        "Kdgrp": "06",
        "SpartTxt": "Generico",
        "AugruTxt": "VENDITA",
        "Spart": "10",
        "KunnrCm": "101501",
        "ZtermTxt": "RI.BA. 60/90 GG DF FM",
        "KdgrpTxt": "DISTR.RI PROFIL./EKU",
        "Simulazione": false,
        "KunnrDm": "101501",
        "Name1Cm": "PROFILATI S.P.A.",
        "Bstdk": null,
        "Name1Dm": "PROFILATI S.P.A.",
        "Bstnk": "Rif.Vs.richiesta di offerta",
        "Vkorg": "MITA",
        "Angdt": "/Date(1591747200000)/",
        "Bnddt": "/Date(1594339200000)/",
        "Vdatu": "/Date(1591747200000)/",
        "Augru": "AAA",
        "Zsin": "0.000",
        "Zsce": "0.000",
        "Netwr": "43604.490",
        "Waerk": "EUR",
        "Inco1": "CIP",
        "Yptp": "0.000",
        "Akprz": "0.00",
        "AuartTxt": "Offerta"
    },
    {
        "__metadata": {
            "id": "https://saptst01.masteritaly.com/sap/opu/odata/sap/ZOFFERTA_SRV/TestataSet('20000677')",
            "uri": "https://saptst01.masteritaly.com/sap/opu/odata/sap/ZOFFERTA_SRV/TestataSet('20000677')",
            "type": "ZOFFERTA_SRV.Testata"
        },
        "Vbeln": "20000677",
        "Inco1Txt": "Franco nolo e assicuraz.",
        "Vtweg": "10",
        "VkorgTxt": "Master Italy",
        "Zterm": "C1AN",
        "Auart": "ZONC",
        "VtwegTxt": "Generico",
        "Kdgrp": "99",
        "SpartTxt": "Generico",
        "AugruTxt": "VENDITA",
        "Spart": "10",
        "KunnrCm": "103170",
        "ZtermTxt": "BONIFICO BANCARIO ANTICIPATO",
        "KdgrpTxt": "ALTRO",
        "Simulazione": false,
        "KunnrDm": "103170",
        "Name1Cm": "FABBRO MARKET S.R.L.",
        "Bstdk": null,
        "Name1Dm": "FABBRO MARKET S.R.L.",
        "Bstnk": "ordine diretto",
        "Vkorg": "MITA",
        "Angdt": "/Date(1596412800000)/",
        "Bnddt": "/Date(1599004800000)/",
        "Vdatu": "/Date(1596412800000)/",
        "Augru": "AAA",
        "Zsin": "0.000",
        "Zsce": "0.000",
        "Netwr": "2198.580",
        "Waerk": "EUR",
        "Inco1": "CIP",
        "Yptp": "0.000",
        "Akprz": "0.00",
        "AuartTxt": "Offerta"
    },
    {
        "__metadata": {
            "id": "https://saptst01.masteritaly.com/sap/opu/odata/sap/ZOFFERTA_SRV/TestataSet('20000678')",
            "uri": "https://saptst01.masteritaly.com/sap/opu/odata/sap/ZOFFERTA_SRV/TestataSet('20000678')",
            "type": "ZOFFERTA_SRV.Testata"
        },
        "Vbeln": "20000678",
        "Inco1Txt": "Franco nolo e assicuraz.",
        "Vtweg": "10",
        "VkorgTxt": "Master Italy",
        "Zterm": "C1AN",
        "Auart": "ZONC",
        "VtwegTxt": "Generico",
        "Kdgrp": "99",
        "SpartTxt": "Generico",
        "AugruTxt": "VENDITA",
        "Spart": "10",
        "KunnrCm": "102901",
        "ZtermTxt": "BONIFICO BANCARIO ANTICIPATO",
        "KdgrpTxt": "ALTRO",
        "Simulazione": false,
        "KunnrDm": "400614",
        "Name1Cm": "IMPERIAL GROUP",
        "Bstdk": null,
        "Name1Dm": "IMPERIAL GROUP",
        "Bstnk": "ORDINE DIRETTO",
        "Vkorg": "MITA",
        "Angdt": "/Date(1596412800000)/",
        "Bnddt": "/Date(1599004800000)/",
        "Vdatu": "/Date(1596412800000)/",
        "Augru": "AAA",
        "Zsin": "0.000",
        "Zsce": "0.000",
        "Netwr": "1389.200",
        "Waerk": "EUR",
        "Inco1": "CIP",
        "Yptp": "0.000",
        "Akprz": "0.00",
        "AuartTxt": "Offerta"
    },
    {
        "__metadata": {
            "id": "https://saptst01.masteritaly.com/sap/opu/odata/sap/ZOFFERTA_SRV/TestataSet('20000693')",
            "uri": "https://saptst01.masteritaly.com/sap/opu/odata/sap/ZOFFERTA_SRV/TestataSet('20000693')",
            "type": "ZOFFERTA_SRV.Testata"
        },
        "Vbeln": "20000693",
        "Inco1Txt": "Consegnato nel luogo",
        "Vtweg": "10",
        "VkorgTxt": "Master Italy",
        "Zterm": "C305",
        "Auart": "ZONC",
        "VtwegTxt": "Generico",
        "Kdgrp": "99",
        "SpartTxt": "Generico",
        "AugruTxt": "VENDITA",
        "Spart": "10",
        "KunnrCm": "102712",
        "ZtermTxt": "RI.BA. 60/90/120/150 GG FM",
        "KdgrpTxt": "ALTRO",
        "Simulazione": false,
        "KunnrDm": "102712",
        "Name1Cm": "ANODAL DI SINI G.E C. S.A.S.",
        "Bstdk": null,
        "Name1Dm": "ANODAL DI SINI G.E C. S.A.S.",
        "Bstnk": "9",
        "Vkorg": "MITA",
        "Angdt": "/Date(1597190400000)/",
        "Bnddt": "/Date(1599782400000)/",
        "Vdatu": "/Date(1597190400000)/",
        "Augru": "AAA",
        "Zsin": "0.000",
        "Zsce": "0.000",
        "Netwr": "36099.940",
        "Waerk": "EUR",
        "Inco1": "DAP",
        "Yptp": "0.000",
        "Akprz": "0.00",
        "AuartTxt": "Offerta"
    },
    {
        "__metadata": {
            "id": "https://saptst01.masteritaly.com/sap/opu/odata/sap/ZOFFERTA_SRV/TestataSet('20000716')",
            "uri": "https://saptst01.masteritaly.com/sap/opu/odata/sap/ZOFFERTA_SRV/TestataSet('20000716')",
            "type": "ZOFFERTA_SRV.Testata"
        },
        "Vbeln": "20000716",
        "Inco1Txt": "Franco nolo e assicuraz.",
        "Vtweg": "10",
        "VkorgTxt": "Master Italy",
        "Zterm": "C1AN",
        "Auart": "ZONC",
        "VtwegTxt": "Generico",
        "Kdgrp": "99",
        "SpartTxt": "Generico",
        "AugruTxt": "VENDITA",
        "Spart": "10",
        "KunnrCm": "102673",
        "ZtermTxt": "BONIFICO BANCARIO ANTICIPATO",
        "KdgrpTxt": "ALTRO",
        "Simulazione": false,
        "KunnrDm": "400081",
        "Name1Cm": "ALLMER S.R.L.",
        "Bstdk": null,
        "Name1Dm": "ALLMER S.R.L.",
        "Bstnk": "3108",
        "Vkorg": "MITA",
        "Angdt": "/Date(1598918400000)/",
        "Bnddt": "/Date(1601510400000)/",
        "Vdatu": "/Date(1598918400000)/",
        "Augru": "AAA",
        "Zsin": "0.000",
        "Zsce": "0.000",
        "Netwr": "522.690",
        "Waerk": "EUR",
        "Inco1": "CIP",
        "Yptp": "0.000",
        "Akprz": "0.00",
        "AuartTxt": "Offerta"
    },
    {
        "__metadata": {
            "id": "https://saptst01.masteritaly.com/sap/opu/odata/sap/ZOFFERTA_SRV/TestataSet('20000781')",
            "uri": "https://saptst01.masteritaly.com/sap/opu/odata/sap/ZOFFERTA_SRV/TestataSet('20000781')",
            "type": "ZOFFERTA_SRV.Testata"
        },
        "Vbeln": "20000781",
        "Inco1Txt": "Franco nolo e assicuraz.",
        "Vtweg": "10",
        "VkorgTxt": "Master Italy",
        "Zterm": "C390",
        "Auart": "ZONC",
        "VtwegTxt": "Generico",
        "Kdgrp": "17",
        "SpartTxt": "Generico",
        "AugruTxt": "VENDITA",
        "Spart": "10",
        "KunnrCm": "102984",
        "ZtermTxt": "RI.BA. 90 GG DF FM",
        "KdgrpTxt": "CONS. TWIN SYSTEMS",
        "Simulazione": false,
        "KunnrDm": "102984",
        "Name1Cm": "PAESANI SRL",
        "Bstdk": null,
        "Name1Dm": "PAESANI SRL",
        "Bstnk": "Rif.Vs.richiesta di offerta",
        "Vkorg": "MITA",
        "Angdt": "/Date(1600214400000)/",
        "Bnddt": "/Date(1602806400000)/",
        "Vdatu": "/Date(1600214400000)/",
        "Augru": "AAA",
        "Zsin": "0.000",
        "Zsce": "0.000",
        "Netwr": "8943.820",
        "Waerk": "EUR",
        "Inco1": "CIP",
        "Yptp": "0.000",
        "Akprz": "0.00",
        "AuartTxt": "Offerta"
    },
    {
        "__metadata": {
            "id": "https://saptst01.masteritaly.com/sap/opu/odata/sap/ZOFFERTA_SRV/TestataSet('20000841')",
            "uri": "https://saptst01.masteritaly.com/sap/opu/odata/sap/ZOFFERTA_SRV/TestataSet('20000841')",
            "type": "ZOFFERTA_SRV.Testata"
        },
        "Vbeln": "20000841",
        "Inco1Txt": "Franco nolo e assicuraz.",
        "Vtweg": "10",
        "VkorgTxt": "Master Italy",
        "Zterm": "C390",
        "Auart": "ZONC",
        "VtwegTxt": "Generico",
        "Kdgrp": "17",
        "SpartTxt": "Generico",
        "AugruTxt": "VENDITA",
        "Spart": "10",
        "KunnrCm": "102984",
        "ZtermTxt": "RI.BA. 90 GG DF FM",
        "KdgrpTxt": "CONS. TWIN SYSTEMS",
        "Simulazione": false,
        "KunnrDm": "102984",
        "Name1Cm": "PAESANI SRL",
        "Bstdk": null,
        "Name1Dm": "PAESANI SRL",
        "Bstnk": "VS RICHIESTA",
        "Vkorg": "MITA",
        "Angdt": "/Date(1601856000000)/",
        "Bnddt": "/Date(1604448000000)/",
        "Vdatu": "/Date(1601856000000)/",
        "Augru": "AAA",
        "Zsin": "0.000",
        "Zsce": "0.000",
        "Netwr": "180.380",
        "Waerk": "EUR",
        "Inco1": "CIP",
        "Yptp": "0.000",
        "Akprz": "0.00",
        "AuartTxt": "Offerta"
    },
    {
        "__metadata": {
            "id": "https://saptst01.masteritaly.com/sap/opu/odata/sap/ZOFFERTA_SRV/TestataSet('20000946')",
            "uri": "https://saptst01.masteritaly.com/sap/opu/odata/sap/ZOFFERTA_SRV/TestataSet('20000946')",
            "type": "ZOFFERTA_SRV.Testata"
        },
        "Vbeln": "20000946",
        "Inco1Txt": "Franco nolo e assicuraz.",
        "Vtweg": "10",
        "VkorgTxt": "Master Italy",
        "Zterm": "C312",
        "Auart": "ZONC",
        "VtwegTxt": "Generico",
        "Kdgrp": "01",
        "SpartTxt": "Generico",
        "AugruTxt": "VENDITA",
        "Spart": "10",
        "KunnrCm": "102999",
        "ZtermTxt": "RI.BA. 120 GG DF FM",
        "KdgrpTxt": "AZZURRO GROUP",
        "Simulazione": false,
        "KunnrDm": "102999",
        "Name1Cm": "PIETRA S.R.L.",
        "Bstdk": null,
        "Name1Dm": "PIETRA S.R.L.",
        "Bstnk": "Rif.offerta promoter",
        "Vkorg": "MITA",
        "Angdt": "/Date(1603756800000)/",
        "Bnddt": "/Date(1606348800000)/",
        "Vdatu": "/Date(1603756800000)/",
        "Augru": "AAA",
        "Zsin": "0.000",
        "Zsce": "0.000",
        "Netwr": "7133.970",
        "Waerk": "EUR",
        "Inco1": "CIP",
        "Yptp": "0.000",
        "Akprz": "0.00",
        "AuartTxt": "Offerta"
    },
    {
        "__metadata": {
            "id": "https://saptst01.masteritaly.com/sap/opu/odata/sap/ZOFFERTA_SRV/TestataSet('20000949')",
            "uri": "https://saptst01.masteritaly.com/sap/opu/odata/sap/ZOFFERTA_SRV/TestataSet('20000949')",
            "type": "ZOFFERTA_SRV.Testata"
        },
        "Vbeln": "20000949",
        "Inco1Txt": "Franco nolo e assicuraz.",
        "Vtweg": "10",
        "VkorgTxt": "Master Italy",
        "Zterm": "C1AN",
        "Auart": "ZONC",
        "VtwegTxt": "Generico",
        "Kdgrp": "99",
        "SpartTxt": "Generico",
        "AugruTxt": "VENDITA",
        "Spart": "10",
        "KunnrCm": "102901",
        "ZtermTxt": "BONIFICO BANCARIO ANTICIPATO",
        "KdgrpTxt": "ALTRO",
        "Simulazione": false,
        "KunnrDm": "400614",
        "Name1Cm": "IMPERIAL GROUP",
        "Bstdk": null,
        "Name1Dm": "IMPERIAL GROUP",
        "Bstnk": "ORDINE agente",
        "Vkorg": "MITA",
        "Angdt": "/Date(1603929600000)/",
        "Bnddt": "/Date(1606521600000)/",
        "Vdatu": "/Date(1603929600000)/",
        "Augru": "AAA",
        "Zsin": "0.000",
        "Zsce": "0.000",
        "Netwr": "1468.610",
        "Waerk": "EUR",
        "Inco1": "CIP",
        "Yptp": "0.000",
        "Akprz": "0.00",
        "AuartTxt": "Offerta"
    },
    {
        "__metadata": {
            "id": "https://saptst01.masteritaly.com/sap/opu/odata/sap/ZOFFERTA_SRV/TestataSet('20000956')",
            "uri": "https://saptst01.masteritaly.com/sap/opu/odata/sap/ZOFFERTA_SRV/TestataSet('20000956')",
            "type": "ZOFFERTA_SRV.Testata"
        },
        "Vbeln": "20000956",
        "Inco1Txt": "Franco nolo e assicuraz.",
        "Vtweg": "10",
        "VkorgTxt": "Master Italy",
        "Zterm": "C306",
        "Auart": "ZONC",
        "VtwegTxt": "Generico",
        "Kdgrp": "99",
        "SpartTxt": "Generico",
        "AugruTxt": "VENDITA",
        "Spart": "10",
        "KunnrCm": "102712",
        "ZtermTxt": "RI.BA. 60/90/120 GG FM",
        "KdgrpTxt": "ALTRO",
        "Simulazione": false,
        "KunnrDm": "102712",
        "Name1Cm": "ANODAL DI SINI G.E C. S.A.S.",
        "Bstdk": null,
        "Name1Dm": "ANODAL DI SINI G.E C. S.A.S.",
        "Bstnk": "Rif.offerta agente",
        "Vkorg": "MITA",
        "Angdt": "/Date(1604016000000)/",
        "Bnddt": "/Date(1606608000000)/",
        "Vdatu": "/Date(1604016000000)/",
        "Augru": "AAA",
        "Zsin": "12.000",
        "Zsce": "0.000",
        "Netwr": "10566.570",
        "Waerk": "EUR",
        "Inco1": "CIP",
        "Yptp": "0.000",
        "Akprz": "0.00",
        "AuartTxt": "Offerta"
    },
    {
		"__metadata": {
			"id": "https://saptst01.masteritaly.com/sap/opu/odata/sap/ZOFFERTA_SRV/TestataSet('20000408')",
			"uri": "https://saptst01.masteritaly.com/sap/opu/odata/sap/ZOFFERTA_SRV/TestataSet('20000408')",
			"type": "ZOFFERTA_SRV.Testata"
		},
		"Vbeln": "20000408",
		"Inco1Txt": "Free Carrier",
		"Vtweg": "10",
		"VkorgTxt": "",
		"Zterm": "C390",
		"Auart": "ZONC",
		"VtwegTxt": "",
		"Kdgrp": "02",
		"SpartTxt": "",
		"AugruTxt": "SALE",
		"Spart": "10",
		"KunnrCm": "100205",
		"ZtermTxt": "",
		"KdgrpTxt": "Retail",
		"Simulazione": false,
		"KunnrDm": "100205",
		"Name1Cm": "FERRAMENTA ADRIATICA S.R.L.",
		"Bstdk": null,
		"Name1Dm": "FERRAMENTA ADRIATICA S.R.L.",
		"Bstnk": "",
		"Vkorg": "MITA",
		"Angdt": "/Date(1651536000000)/",
		"Bnddt": "/Date(1654128000000)/",
		"Vdatu": "/Date(1651536000000)/",
		"Augru": "AAA",
		"Zsin": "0.000",
		"Zsce": "0.000",
		"Netwr": "94.500",
		"Waerk": "EUR",
		"Inco1": "FCA",
		"Yptp": "0.000",
		"Akprz": "0.00",
		"AuartTxt": "Quotation"
    }
]