<?xml version="1.0" encoding="utf-8"?>
<edmx:Edmx Version="1.0"
    xmlns:edmx="http://schemas.microsoft.com/ado/2007/06/edmx"
    xmlns:m="http://schemas.microsoft.com/ado/2007/08/dataservices/metadata"
    xmlns:sap="http://www.sap.com/Protocols/SAPData">
    <edmx:DataServices m:DataServiceVersion="2.0">
        <Schema Namespace="ZOFFERTA_COPY_SRV" xml:lang="it" sap:schema-version="1"
            xmlns="http://schemas.microsoft.com/ado/2008/09/edm">
            <EntityType Name="Testata" sap:content-version="1">
                <Key>
                    <PropertyRef Name="Vbeln"/>
                </Key>
                <Property Name="Vbeln" Type="Edm.String" Nullable="false" MaxLength="10" sap:unicode="false" sap:creatable="false" sap:updatable="false"/>
                <Property Name="Inco1Txt" Type="Edm.String" MaxLength="30" sap:unicode="false" sap:label="Descrizione" sap:creatable="false" sap:updatable="false" sap:sortable="false" sap:filterable="false"/>
                <Property Name="Vtweg" Type="Edm.String" Nullable="false" MaxLength="2" sap:unicode="false" sap:label="Can. distr." sap:creatable="false" sap:updatable="false" sap:sortable="false" sap:filterable="false"/>
                <Property Name="VkorgTxt" Type="Edm.String" MaxLength="20" sap:unicode="false" sap:label="Definizione" sap:creatable="false" sap:updatable="false" sap:sortable="false" sap:filterable="false"/>
                <Property Name="Zterm" Type="Edm.String" MaxLength="4" sap:unicode="false" sap:label="Cond.pagam." sap:creatable="false" sap:updatable="false" sap:filterable="false"/>
                <Property Name="Auart" Type="Edm.String" Nullable="false" MaxLength="4" sap:unicode="false" sap:label="Tp.doc.vendita" sap:creatable="false" sap:updatable="false" sap:sortable="false" sap:filterable="false"/>
                <Property Name="VtwegTxt" Type="Edm.String" MaxLength="20" sap:unicode="false" sap:label="Definizione" sap:creatable="false" sap:updatable="false" sap:sortable="false" sap:filterable="false"/>
                <Property Name="Kdgrp" Type="Edm.String" MaxLength="2" sap:unicode="false" sap:label="Gruppo clienti" sap:creatable="false" sap:updatable="false" sap:sortable="false" sap:filterable="false"/>
                <Property Name="SpartTxt" Type="Edm.String" MaxLength="20" sap:unicode="false" sap:label="Definizione" sap:creatable="false" sap:updatable="false" sap:sortable="false" sap:filterable="false"/>
                <Property Name="AugruTxt" Type="Edm.String" MaxLength="40" sap:unicode="false" sap:label="Definizione" sap:creatable="false" sap:updatable="false" sap:sortable="false" sap:filterable="false"/>
                <Property Name="Spart" Type="Edm.String" Nullable="false" MaxLength="2" sap:unicode="false" sap:label="Settore merc." sap:creatable="false" sap:updatable="false" sap:sortable="false" sap:filterable="false"/>
                <Property Name="KunnrCm" Type="Edm.String" Nullable="false" MaxLength="10" sap:unicode="false" sap:updatable="false"/>
                <Property Name="ZtermTxt" Type="Edm.String" MaxLength="50" sap:unicode="false" sap:label="Spieg.propria" sap:creatable="false" sap:updatable="false" sap:sortable="false" sap:filterable="false"/>
                <Property Name="KdgrpTxt" Type="Edm.String" MaxLength="20" sap:unicode="false" sap:label="Definizione" sap:creatable="false" sap:updatable="false" sap:sortable="false" sap:filterable="false"/>
                <Property Name="Simulazione" Type="Edm.Boolean" sap:unicode="false" sap:label="Casella di spunta" sap:creatable="false" sap:updatable="false" sap:sortable="false" sap:filterable="false"/>
                <Property Name="KunnrDm" Type="Edm.String" Nullable="false" MaxLength="10" sap:unicode="false" sap:creatable="false" sap:updatable="false" sap:sortable="false" sap:filterable="false"/>
                <Property Name="Name1Cm" Type="Edm.String" MaxLength="30" sap:unicode="false" sap:label="Nome 1" sap:creatable="false" sap:updatable="false" sap:sortable="false" sap:filterable="false"/>
                <Property Name="Bstdk" Type="Edm.DateTime" Precision="7" sap:display-format="Date" sap:unicode="false" sap:label="Data rif. cl." sap:filterable="false"/>
                <Property Name="Name1Dm" Type="Edm.String" MaxLength="30" sap:unicode="false" sap:label="Nome 1" sap:creatable="false" sap:updatable="false" sap:sortable="false" sap:filterable="false"/>
                <Property Name="Bstnk" Type="Edm.String" MaxLength="35" sap:unicode="false" sap:label="Rif. cliente" sap:sortable="false" sap:filterable="false"/>
                <Property Name="Vkorg" Type="Edm.String" Nullable="false" MaxLength="4" sap:unicode="false" sap:label="Org. comm." sap:creatable="false" sap:updatable="false" sap:sortable="false" sap:filterable="false"/>
                <Property Name="Angdt" Type="Edm.DateTime" Precision="7" sap:display-format="Date" sap:unicode="false" sap:label="Inizio validità"/>
                <Property Name="Bnddt" Type="Edm.DateTime" Precision="7" sap:display-format="Date" sap:unicode="false" sap:label="Fine validità"/>
                <Property Name="Vdatu" Type="Edm.DateTime" Precision="7" sap:display-format="Date" sap:unicode="false" sap:label="Data cons.rich." sap:sortable="false" sap:filterable="false"/>
                <Property Name="Augru" Type="Edm.String" Nullable="false" MaxLength="3" sap:unicode="false" sap:label="Motivo ordine" sap:creatable="false" sap:updatable="false" sap:sortable="false" sap:filterable="false"/>
                <Property Name="Zsin" Type="Edm.Decimal" Precision="12" Scale="3" sap:unicode="false" sap:label="Importo" sap:sortable="false" sap:filterable="false"/>
                <Property Name="Zsce" Type="Edm.Decimal" Precision="12" Scale="3" sap:unicode="false" sap:label="Importo" sap:sortable="false" sap:filterable="false"/>
                <Property Name="Netwr" Type="Edm.Decimal" Precision="16" Scale="3" sap:unicode="false" sap:label="Valore netto" sap:creatable="false" sap:updatable="false" sap:filterable="false"/>
                <Property Name="Waerk" Type="Edm.String" MaxLength="5" sap:unicode="false" sap:label="Divisa doc." sap:creatable="false" sap:updatable="false" sap:filterable="false" sap:semantics="currency-code"/>
                <Property Name="Inco1" Type="Edm.String" MaxLength="3" sap:unicode="false" sap:label="Incoterms" sap:filterable="false"/>
                <Property Name="Yptp" Type="Edm.Decimal" Precision="12" Scale="3" sap:unicode="false" sap:label="Importo" sap:creatable="false" sap:updatable="false" sap:sortable="false" sap:filterable="false"/>
                <Property Name="Akprz" Type="Edm.Decimal" Precision="5" Scale="2" sap:unicode="false" sap:label="Indice TARGET" sap:creatable="false" sap:updatable="false" sap:sortable="false" sap:filterable="false"/>
                <Property Name="AuartTxt" Type="Edm.String" MaxLength="20" sap:unicode="false" sap:label="Descrizione" sap:creatable="false" sap:updatable="false" sap:sortable="false" sap:filterable="false"/>
                <NavigationProperty Name="Nav_Testata_Posizione" Relationship="ZOFFERTA_COPY_SRV.Ass_Testata_Posizione" FromRole="FromRole_Ass_Testata_Posizione" ToRole="ToRole_Ass_Testata_Posizione"/>
                <NavigationProperty Name="Nav_Testata_Clienti" Relationship="ZOFFERTA_COPY_SRV.Ass_Testata_Clienti" FromRole="FromRole_Ass_Testata_Clienti" ToRole="ToRole_Ass_Testata_Clienti"/>
            </EntityType>
            <EntityType Name="Posizione" sap:content-version="1">
                <Key>
                    <PropertyRef Name="Vbeln"/>
                    <PropertyRef Name="Posnr"/>
                </Key>
                <Property Name="Vbeln" Type="Edm.String" Nullable="false" MaxLength="10" sap:unicode="false" sap:label="Doc. commerc."/>
                <Property Name="Posnr" Type="Edm.String" Nullable="false" MaxLength="6" sap:unicode="false" sap:label="Posizione" sap:filterable="false"/>
                <Property Name="Zasf" Type="Edm.Decimal" Nullable="false" Precision="12" Scale="3" sap:unicode="false" sap:label="Importo" sap:creatable="false" sap:updatable="false" sap:sortable="false" sap:filterable="false"/>
                <Property Name="Awahr" Type="Edm.String" MaxLength="3" sap:unicode="false" sap:label="Probab. ordine"/>
                <Property Name="Matnr" Type="Edm.String" Nullable="false" MaxLength="40" sap:unicode="false" sap:label="Materiale" sap:updatable="false"/>
                <Property Name="Arktx" Type="Edm.String" MaxLength="40" sap:unicode="false" sap:label="Def. pos." sap:creatable="false" sap:updatable="false"/>
                <Property Name="Pstyv" Type="Edm.String" MaxLength="4" sap:unicode="false" sap:label="Cat. pos."/>
                <Property Name="Kwmeng" Type="Edm.Decimal" Nullable="false" Precision="15" Scale="3" sap:unicode="false" sap:unit="Vrkme" sap:label="Qtà tot.ordine"/>
                <Property Name="Vrkme" Type="Edm.String" MaxLength="3" sap:unicode="false" sap:label="UM di vend." sap:creatable="false" sap:updatable="false" sap:semantics="unit-of-measure"/>
                <Property Name="Netwr" Type="Edm.Decimal" Precision="16" Scale="3" sap:unicode="false" sap:unit="Waerk" sap:label="Valore netto" sap:creatable="false" sap:updatable="false"/>
                <Property Name="Waerk" Type="Edm.String" MaxLength="5" sap:unicode="false" sap:label="Divisa doc." sap:creatable="false" sap:updatable="false" sap:semantics="currency-code"/>
                <Property Name="Zpli" Type="Edm.Decimal" Precision="12" Scale="3" sap:unicode="false" sap:label="Importo" sap:creatable="false" sap:updatable="false" sap:sortable="false" sap:filterable="false"/>
                <Property Name="Zspn" Type="Edm.Decimal" Precision="12" Scale="3" sap:unicode="false" sap:label="Importo"/>
                <Property Name="Zsr1" Type="Edm.Byte" sap:unicode="false" sap:label="Percent" sap:creatable="false" sap:updatable="false" sap:sortable="false" sap:filterable="false"/>
                <Property Name="Zsr2" Type="Edm.Byte" sap:unicode="false" sap:label="Percent"/>
                <Property Name="Zsr3" Type="Edm.Byte" sap:unicode="false" sap:label="Percent"/>
                <Property Name="Zsr4" Type="Edm.Byte" sap:unicode="false" sap:label="Percent"/>
                <Property Name="Yptp" Type="Edm.Decimal" Precision="12" Scale="3" sap:unicode="false" sap:label="Importo" sap:creatable="false" sap:updatable="false" sap:sortable="false" sap:filterable="false"/>
                <Property Name="Zasg" Type="Edm.Decimal" Precision="12" Scale="3" sap:unicode="false" sap:label="Importo" sap:creatable="false" sap:updatable="false" sap:sortable="false" sap:filterable="false"/>
                <Property Name="SemYptp" Type="Edm.String" MaxLength="255" sap:unicode="false" sap:label="Indicatore a una posizione" sap:creatable="false" sap:updatable="false" sap:sortable="false" sap:filterable="false"/>
                <NavigationProperty Name="Nav_Posizione_Pricing" Relationship="ZOFFERTA_COPY_SRV.Ass_Posizione_Pricing" FromRole="FromRole_Ass_Posizione_Pricing" ToRole="ToRole_Ass_Posizione_Pricing"/>
            </EntityType>
            <EntityType Name="Pricing" sap:content-version="1">
                <Key>
                    <PropertyRef Name="Vbeln"/>
                    <PropertyRef Name="Posnr"/>
                    <PropertyRef Name="Kschl"/>
                </Key>
                <Property Name="Vbeln" Type="Edm.String" Nullable="false" MaxLength="10" sap:unicode="false" sap:label="Doc. vendita" sap:creatable="false" sap:updatable="false"/>
                <Property Name="Posnr" Type="Edm.String" Nullable="false" MaxLength="6" sap:unicode="false" sap:label="Posizione" sap:creatable="false" sap:updatable="false"/>
                <Property Name="Kschl" Type="Edm.String" Nullable="false" MaxLength="4" sap:unicode="false" sap:label="Tipo condiz." sap:creatable="false" sap:updatable="false"/>
                <Property Name="Kbetr" Type="Edm.Decimal" Nullable="false" Precision="12" Scale="3" sap:unicode="false" sap:label="Importo" sap:creatable="false" sap:updatable="false"/>
            </EntityType>
            <EntityType Name="Clienti" sap:content-version="1">
                <Key>
                    <PropertyRef Name="Kunnr"/>
                    <PropertyRef Name="KunnrWe"/>
                </Key>
                <Property Name="Kunnr" Type="Edm.String" Nullable="false" MaxLength="10" sap:unicode="false" sap:label="Cliente" sap:creatable="false" sap:updatable="false" sap:sortable="false"/>
                <Property Name="KunnrWe" Type="Edm.String" Nullable="false" MaxLength="10" sap:unicode="false" sap:label="Cliente" sap:creatable="false" sap:updatable="false" sap:sortable="false"/>
                <Property Name="Vkorg" Type="Edm.String" Nullable="false" MaxLength="4" sap:unicode="false" sap:label="Org. comm." sap:creatable="false" sap:updatable="false" sap:sortable="false" sap:filterable="false"/>
                <Property Name="VkorgTxt" Type="Edm.String" Nullable="false" MaxLength="20" sap:unicode="false" sap:label="Definizione" sap:creatable="false" sap:updatable="false" sap:sortable="false"/>
                <Property Name="Spart" Type="Edm.String" Nullable="false" MaxLength="2" sap:unicode="false" sap:label="Settore merc." sap:creatable="false" sap:updatable="false" sap:sortable="false" sap:filterable="false"/>
                <Property Name="VtwegTxt" Type="Edm.String" Nullable="false" MaxLength="20" sap:unicode="false" sap:label="Definizione" sap:creatable="false" sap:updatable="false" sap:sortable="false"/>
                <Property Name="Name1" Type="Edm.String" Nullable="false" MaxLength="30" sap:unicode="false" sap:label="Nome 1" sap:creatable="false" sap:updatable="false" sap:sortable="false"/>
                <Property Name="SpartTxt" Type="Edm.String" Nullable="false" MaxLength="20" sap:unicode="false" sap:label="Definizione" sap:creatable="false" sap:updatable="false" sap:sortable="false"/>
                <Property Name="AugruTxt" Type="Edm.String" Nullable="false" MaxLength="40" sap:unicode="false" sap:label="Definizione" sap:creatable="false" sap:updatable="false" sap:sortable="false"/>
                <Property Name="Name1We" Type="Edm.String" Nullable="false" MaxLength="30" sap:unicode="false" sap:label="Nome 1" sap:creatable="false" sap:updatable="false" sap:sortable="false"/>
                <Property Name="Vdatu" Type="Edm.DateTime" Nullable="false" Precision="7" sap:unicode="false" sap:label="Data cons.rich." sap:creatable="false" sap:updatable="false" sap:sortable="false" sap:filterable="false"/>
                <Property Name="ZtermTxt" Type="Edm.String" Nullable="false" MaxLength="50" sap:unicode="false" sap:label="Spieg.propria" sap:creatable="false" sap:updatable="false" sap:sortable="false"/>
                <Property Name="Angdt" Type="Edm.DateTime" Nullable="false" Precision="7" sap:unicode="false" sap:label="Inizio validità" sap:creatable="false" sap:updatable="false" sap:sortable="false" sap:filterable="false"/>
                <Property Name="KdgrpTxt" Type="Edm.String" Nullable="false" MaxLength="20" sap:unicode="false" sap:label="Definizione" sap:creatable="false" sap:updatable="false" sap:sortable="false"/>
                <Property Name="Bnddt" Type="Edm.DateTime" Nullable="false" Precision="7" sap:unicode="false" sap:label="Fine validità" sap:creatable="false" sap:updatable="false" sap:sortable="false" sap:filterable="false"/>
                <Property Name="Augru" Type="Edm.String" Nullable="false" MaxLength="3" sap:unicode="false" sap:label="Motivo ordine" sap:creatable="false" sap:updatable="false" sap:sortable="false" sap:filterable="false"/>
                <Property Name="Inco1" Type="Edm.String" Nullable="false" MaxLength="3" sap:unicode="false" sap:label="Incoterms" sap:creatable="false" sap:updatable="false" sap:sortable="false" sap:filterable="false"/>
                <Property Name="Waerk" Type="Edm.String" Nullable="false" MaxLength="5" sap:unicode="false" sap:label="Divisa doc." sap:creatable="false" sap:updatable="false" sap:sortable="false" sap:filterable="false" sap:semantics="currency-code"/>
                <Property Name="Zterm" Type="Edm.String" Nullable="false" MaxLength="4" sap:unicode="false" sap:label="Cond.pagam." sap:creatable="false" sap:updatable="false" sap:sortable="false" sap:filterable="false"/>
                <Property Name="Kdgrp" Type="Edm.String" Nullable="false" MaxLength="2" sap:unicode="false" sap:label="Gruppo clienti" sap:creatable="false" sap:updatable="false" sap:sortable="false" sap:filterable="false"/>
                <Property Name="Auart" Type="Edm.String" Nullable="false" MaxLength="4" sap:unicode="false" sap:label="Tp.doc.vendita" sap:creatable="false" sap:updatable="false" sap:sortable="false" sap:filterable="false"/>
                <Property Name="Vtweg" Type="Edm.String" Nullable="false" MaxLength="2" sap:unicode="false" sap:label="Can. distr." sap:creatable="false" sap:updatable="false" sap:sortable="false" sap:filterable="false"/>
                <Property Name="AuartTxt" Type="Edm.String" Nullable="false" MaxLength="20" sap:unicode="false" sap:label="Descrizione" sap:creatable="false" sap:updatable="false" sap:sortable="false"/>
                <Property Name="Inco1Txt" Type="Edm.String" Nullable="false" MaxLength="30" sap:unicode="false" sap:label="Descrizione" sap:creatable="false" sap:updatable="false" sap:sortable="false"/>
            </EntityType>
            <EntityType Name="Materiali" sap:content-version="1">
                <Key>
                    <PropertyRef Name="Matnr"/>
                </Key>
                <Property Name="Matnr" Type="Edm.String" Nullable="false" MaxLength="40" sap:unicode="false" sap:label="Materiale" sap:creatable="false" sap:updatable="false" sap:sortable="false" sap:filterable="false"/>
                <Property Name="Prdha" Type="Edm.String" Nullable="false" MaxLength="18" sap:unicode="false" sap:label="Gerarchia prod." sap:creatable="false" sap:updatable="false" sap:sortable="false" sap:filterable="false"/>
                <Property Name="Meins" Type="Edm.String" Nullable="false" MaxLength="3" sap:unicode="false" sap:label="Unità mis. base" sap:creatable="false" sap:updatable="false" sap:sortable="false" sap:filterable="false" sap:semantics="unit-of-measure"/>
                <Property Name="Vkorg" Type="Edm.String" Nullable="false" MaxLength="4" sap:unicode="false" sap:label="Org. comm." sap:creatable="false" sap:updatable="false" sap:sortable="false" sap:filterable="false"/>
                <Property Name="Maktx" Type="Edm.String" Nullable="false" MaxLength="40" sap:unicode="false" sap:label="Definizione" sap:creatable="false" sap:updatable="false" sap:sortable="false" sap:filterable="false"/>
                <Property Name="Vtweg" Type="Edm.String" Nullable="false" MaxLength="2" sap:unicode="false" sap:label="Can. distr." sap:creatable="false" sap:updatable="false" sap:sortable="false" sap:filterable="false"/>
                <Property Name="Maktg" Type="Edm.String" Nullable="false" MaxLength="40" sap:unicode="false" sap:label="Definizione" sap:creatable="false" sap:updatable="false" sap:sortable="false" sap:filterable="false"/>
                <Property Name="Kunnr" Type="Edm.String" Nullable="false" MaxLength="10" sap:unicode="false" sap:label="Cliente" sap:creatable="false" sap:updatable="false" sap:sortable="false" sap:filterable="false"/>
            </EntityType>
            <EntityType Name="Incoterms" sap:content-version="1">
                <Key>
                    <PropertyRef Name="Inco1"/>
                </Key>
                <Property Name="Inco1" Type="Edm.String" Nullable="false" MaxLength="3" sap:unicode="false" sap:label="Incoterms" sap:creatable="false" sap:updatable="false" sap:sortable="false"/>
                <Property Name="Bezei" Type="Edm.String" Nullable="false" MaxLength="30" sap:unicode="false" sap:label="Descrizione" sap:creatable="false" sap:updatable="false" sap:sortable="false"/>
            </EntityType>
            <EntityType Name="CategoriaPos" sap:content-version="1">
                <Key>
                    <PropertyRef Name="Pstyv"/>
                </Key>
                <Property Name="Pstyv" Type="Edm.String" Nullable="false" MaxLength="4" sap:unicode="false" sap:label="Cat. pos." sap:creatable="false" sap:updatable="false" sap:sortable="false" sap:filterable="false"/>
                <Property Name="Vtext" Type="Edm.String" Nullable="false" MaxLength="20" sap:unicode="false" sap:label="Denominazione" sap:creatable="false" sap:updatable="false" sap:sortable="false" sap:filterable="false"/>
            </EntityType>
            <Association Name="Ass_Posizione_Pricing" sap:content-version="1">
                <End Type="ZOFFERTA_COPY_SRV.Posizione" Multiplicity="0..1" Role="FromRole_Ass_Posizione_Pricing"/>
                <End Type="ZOFFERTA_COPY_SRV.Pricing" Multiplicity="0..1" Role="ToRole_Ass_Posizione_Pricing"/>
                <ReferentialConstraint>
                    <Principal Role="FromRole_Ass_Posizione_Pricing">
                        <PropertyRef Name="Posnr"/>
                        <PropertyRef Name="Vbeln"/>
                    </Principal>
                    <Dependent Role="ToRole_Ass_Posizione_Pricing">
                        <PropertyRef Name="Posnr"/>
                        <PropertyRef Name="Vbeln"/>
                    </Dependent>
                </ReferentialConstraint>
            </Association>
            <Association Name="Ass_Testata_Clienti" sap:content-version="1">
                <End Type="ZOFFERTA_COPY_SRV.Testata" Multiplicity="1" Role="FromRole_Ass_Testata_Clienti"/>
                <End Type="ZOFFERTA_COPY_SRV.Clienti" Multiplicity="*" Role="ToRole_Ass_Testata_Clienti"/>
            </Association>
            <Association Name="Ass_Testata_Posizione" sap:content-version="1">
                <End Type="ZOFFERTA_COPY_SRV.Testata" Multiplicity="1" Role="FromRole_Ass_Testata_Posizione"/>
                <End Type="ZOFFERTA_COPY_SRV.Posizione" Multiplicity="*" Role="ToRole_Ass_Testata_Posizione"/>
                <ReferentialConstraint>
                    <Principal Role="FromRole_Ass_Testata_Posizione">
                        <PropertyRef Name="Vbeln"/>
                    </Principal>
                    <Dependent Role="ToRole_Ass_Testata_Posizione">
                        <PropertyRef Name="Vbeln"/>
                    </Dependent>
                </ReferentialConstraint>
            </Association>
            <EntityContainer Name="ZOFFERTA_COPY_SRV_Entities" m:IsDefaultEntityContainer="true" sap:supported-formats="atom json xlsx">
                <EntitySet Name="TestataSet" EntityType="ZOFFERTA_COPY_SRV.Testata" sap:pageable="false" sap:content-version="1"/>
                <EntitySet Name="PosizioneSet" EntityType="ZOFFERTA_COPY_SRV.Posizione" sap:pageable="false" sap:content-version="1"/>
                <EntitySet Name="PricingSet" EntityType="ZOFFERTA_COPY_SRV.Pricing" sap:creatable="false" sap:updatable="false" sap:deletable="false" sap:pageable="false" sap:addressable="false" sap:content-version="1"/>
                <EntitySet Name="ClientiSet" EntityType="ZOFFERTA_COPY_SRV.Clienti" sap:creatable="false" sap:updatable="false" sap:deletable="false" sap:pageable="false" sap:addressable="false" sap:content-version="1"/>
                <EntitySet Name="MaterialiSet" EntityType="ZOFFERTA_COPY_SRV.Materiali" sap:creatable="false" sap:updatable="false" sap:deletable="false" sap:pageable="false" sap:addressable="false" sap:content-version="1"/>
                <EntitySet Name="IncotermsSet" EntityType="ZOFFERTA_COPY_SRV.Incoterms" sap:creatable="false" sap:updatable="false" sap:deletable="false" sap:pageable="false" sap:addressable="false" sap:content-version="1"/>
                <EntitySet Name="CategoriaPosSet" EntityType="ZOFFERTA_COPY_SRV.CategoriaPos" sap:creatable="false" sap:updatable="false" sap:deletable="false" sap:pageable="false" sap:addressable="false" sap:content-version="1"/>
                <AssociationSet Name="Ass_Testata_PosizioneSet" Association="ZOFFERTA_COPY_SRV.Ass_Testata_Posizione" sap:creatable="false" sap:updatable="false" sap:deletable="false" sap:content-version="1">
                    <End EntitySet="TestataSet" Role="FromRole_Ass_Testata_Posizione"/>
                    <End EntitySet="PosizioneSet" Role="ToRole_Ass_Testata_Posizione"/>
                </AssociationSet>
                <AssociationSet Name="Ass_Posizione_Pricing_AssocSet" Association="ZOFFERTA_COPY_SRV.Ass_Posizione_Pricing" sap:creatable="false" sap:updatable="false" sap:deletable="false" sap:content-version="1">
                    <End EntitySet="PosizioneSet" Role="FromRole_Ass_Posizione_Pricing"/>
                    <End EntitySet="PricingSet" Role="ToRole_Ass_Posizione_Pricing"/>
                </AssociationSet>
                <AssociationSet Name="Ass_Testata_Clienti_AssocSet" Association="ZOFFERTA_COPY_SRV.Ass_Testata_Clienti" sap:creatable="false" sap:updatable="false" sap:deletable="false" sap:content-version="1">
                    <End EntitySet="TestataSet" Role="FromRole_Ass_Testata_Clienti"/>
                    <End EntitySet="ClientiSet" Role="ToRole_Ass_Testata_Clienti"/>
                </AssociationSet>
            </EntityContainer>
            <atom:link rel="self" href="https://localhost:8080/sap/opu/odata/sap/ZOFFERTA_COPY_SRV/$metadata"
                xmlns:atom="http://www.w3.org/2005/Atom"/>
            <atom:link rel="latest-version" href="https://localhost:8080/sap/opu/odata/sap/ZOFFERTA_COPY_SRV/$metadata"
                xmlns:atom="http://www.w3.org/2005/Atom"/>
        </Schema>
    </edmx:DataServices>
</edmx:Edmx>