<edmx:Edmx xmlns:edmx="http://docs.oasis-open.org/odata/ns/edmx" Version="4.0">
    <edmx:Reference Uri="https://oasis-tcs.github.io/odata-vocabularies/vocabularies/Org.OData.Capabilities.V1.xml">
        <edmx:Include Namespace="Org.OData.Capabilities.V1" Alias="Capabilities"/>
    </edmx:Reference>
    <edmx:Reference Uri="https://sap.github.io/odata-vocabularies/vocabularies/Common.xml">
        <edmx:Include Namespace="com.sap.vocabularies.Common.v1" Alias="Common"/>
    </edmx:Reference>
    <edmx:Reference Uri="https://sap.github.io/odata-vocabularies/vocabularies/UI.xml">
        <edmx:Include Namespace="com.sap.vocabularies.UI.v1" Alias="UI"/>
    </edmx:Reference>
    <edmx:Reference Uri="https://sap.github.io/odata-vocabularies/vocabularies/Communication.xml">
        <edmx:Include Namespace="com.sap.vocabularies.Communication.v1" Alias="Communication"/>
    </edmx:Reference>
    <edmx:Reference Uri="/sap/opu/odata/sap/ZOFFERTA_COPY_SRV/$metadata">
        <edmx:Include Namespace="ZOFFERTA_COPY_SRV"/>
    </edmx:Reference>
    <edmx:Reference Uri="https://github.com/oasis-tcs/odata-vocabularies/blob/main/vocabularies/Org.OData.Core.V1.xml">
        <edmx:Include Namespace="Org.OData.Core.V1" Alias="Core"/>
    </edmx:Reference>

      <edmx:DataServices>
        <Schema xmlns="http://docs.oasis-open.org/odata/ns/edm" Namespace="zoff">
        
            <!--  <Annotations Target="ZOFFERTA_COPY_SRV.Testata/Zsce">
                
            </Annotations>--> 
            <!-- <Annotations Target="ZOFFERTA_COPY_SRV.Testata/KunnrDm">
                <Annotation Term="Common.ValueList">
                    <Record>
                        <PropertyValue Property="CollectionPath" String="ClientiSet"/>
                        <PropertyValue Property="SearchSupported" Bool="true"/>
                        <PropertyValue Property="Parameters">
                            <Collection>
                                <Record Type="Common.ValueListParameterInOut">
                                    <PropertyValue Property="LocalDataProperty" PropertyPath="KunnrDm"/>
                                    <PropertyValue Property="ValueListProperty" String="Kunnr"/>
                                </Record>
                                <Record Type="Common.ValueListParameterDisplayOnly">
                                    <PropertyValue Property="ValueListProperty" String="Name1"/>
                                </Record>
                            </Collection>
                        </PropertyValue>
                    </Record>
                </Annotation>            
            </Annotations> -->
            <!-- edit -->

            <Annotations Target="ZOFFERTA_COPY_SRV.Clienti/Kunnr">
                <Annotation Term="Common.Text" Path="Name1">
                    <Annotation Term="UI.TextArrangement" EnumMember="UI.TextArrangementType/TextLast"/>
                </Annotation>
            </Annotations> 

            <Annotations Target="ZOFFERTA_COPY_SRV.Testata/KunnrCm">
                <!-- display -->
                <Annotation Term="Common.Text" Path="Name1Cm">
                    <Annotation Term="UI.TextArrangement" EnumMember="UI.TextArrangementType/TextLast"/>
                </Annotation>

                <Annotation Term="Common.ValueList">
                    <Record>
                        <PropertyValue Property="CollectionPath" String="ClientiSet"/>
                        <PropertyValue Property="SearchSupported" Bool="true"/>
                        <PropertyValue Property="FetchValues" Int="1" />

                        <PropertyValue Property="Parameters">
                            <Collection>
                                <Record Type="Common.ValueListParameterInOut">
                                    <PropertyValue Property="LocalDataProperty" PropertyPath="KunnrCm"/>
                                    <PropertyValue Property="ValueListProperty" String="Kunnr"/>
                                </Record>
                                <Record Type="Common.ValueListParameterOut">                      
                                    <PropertyValue Property="LocalDataProperty" PropertyPath="Name1Cm"/>
                                    <PropertyValue Property="ValueListProperty" String="Name1"/>
                                </Record>
                                <Record Type="Common.ValueListParameterInOut">
                                    <PropertyValue Property="LocalDataProperty" PropertyPath="KunnrDm"/>
                                    <PropertyValue Property="ValueListProperty" String="KunnrWe"/>
                                </Record>
                                <Record Type="Common.ValueListParameterOut">
                                    <PropertyValue Property="LocalDataProperty" PropertyPath="Name1Dm"/>
                                    <PropertyValue Property="ValueListProperty" String="Name1We"/>
                                </Record>
                                <Record Type="Common.ValueListParameterInOut">
                                    <PropertyValue Property="LocalDataProperty" PropertyPath="Vdatu"/>
                                    <PropertyValue Property="ValueListProperty" String="Vdatu"/>
                                </Record>	
                                <Record Type="Common.ValueListParameterInOut">
                                    <PropertyValue Property="LocalDataProperty" PropertyPath="Augru"/>
                                    <PropertyValue Property="ValueListProperty" String="Augru"/>
                                </Record>	
                                <Record Type="Common.ValueListParameterOut">
                                    <PropertyValue Property="LocalDataProperty" PropertyPath="AugruTxt"/>
                                    <PropertyValue Property="ValueListProperty" String="AugruTxt"/>
                                </Record>
                                <Record Type="Common.ValueListParameterInOut">
                                    <PropertyValue Property="LocalDataProperty" PropertyPath="Inco1"/>
                                    <PropertyValue Property="ValueListProperty" String="Inco1"/>
                                </Record>	
                                <Record Type="Common.ValueListParameterOut">
                                    <PropertyValue Property="LocalDataProperty" PropertyPath="Inco1Txt"/>
                                    <PropertyValue Property="ValueListProperty" String="Inco1Txt"/>
                                </Record>

                                <Record Type="Common.ValueListParameterInOut">
                                    <PropertyValue Property="LocalDataProperty" PropertyPath="Waerk"/>
                                    <PropertyValue Property="ValueListProperty" String="Waerk"/>
                                </Record>	
                                <Record Type="Common.ValueListParameterInOut">
                                    <PropertyValue Property="LocalDataProperty" PropertyPath="Zterm"/>
                                    <PropertyValue Property="ValueListProperty" String="Zterm"/>
                                </Record>
                                <Record Type="Common.ValueListParameterOut">
                                    <PropertyValue Property="LocalDataProperty" PropertyPath="ZtermTxt"/>
                                    <PropertyValue Property="ValueListProperty" String="ZtermTxt"/>
                                </Record>		
                                <Record Type="Common.ValueListParameterInOut">
                                    <PropertyValue Property="LocalDataProperty" PropertyPath="Kdgrp"/>
                                    <PropertyValue Property="ValueListProperty" String="Kdgrp"/>
                                </Record>	
                                <Record Type="Common.ValueListParameterOut">
                                    <PropertyValue Property="LocalDataProperty" PropertyPath="KdgrpTxt"/>
                                    <PropertyValue Property="ValueListProperty" String="KdgrpTxt"/>
                                </Record>	
                                <Record Type="Common.ValueListParameterInOut">
                                    <PropertyValue Property="LocalDataProperty" PropertyPath="Auart"/>
                                    <PropertyValue Property="ValueListProperty" String="Auart"/>
                                </Record>
                                <Record Type="Common.ValueListParameterOut">
                                    <PropertyValue Property="LocalDataProperty" PropertyPath="AuartTxt"/>
                                    <PropertyValue Property="ValueListProperty" String="AuartTxt"/>
                                </Record>	
								<Record Type="Common.ValueListParameterInOut">
                                    <PropertyValue Property="LocalDataProperty" PropertyPath="Vkorg"/>
                                    <PropertyValue Property="ValueListProperty" String="Vkorg"/>
                                </Record>						
                                <Record Type="Common.ValueListParameterOut">
                                    <PropertyValue Property="LocalDataProperty" PropertyPath="VkorgTxt"/>
                                    <PropertyValue Property="ValueListProperty" String="VkorgTxt"/>
                                </Record>
                                <Record Type="Common.ValueListParameterInOut">
                                    <PropertyValue Property="LocalDataProperty" PropertyPath="Spart"/>
                                    <PropertyValue Property="ValueListProperty" String="Spart"/>
                                </Record>						
                                <Record Type="Common.ValueListParameterOut">
                                    <PropertyValue Property="LocalDataProperty" PropertyPath="SpartTxt"/>
                                    <PropertyValue Property="ValueListProperty" String="SpartTxt"/>
                                </Record>	
                                <Record Type="Common.ValueListParameterInOut">
                                    <PropertyValue Property="LocalDataProperty" PropertyPath="Vtweg"/>
                                    <PropertyValue Property="ValueListProperty" String="Vtweg"/>
                                </Record>
                                <Record Type="Common.ValueListParameterOut">
                                    <PropertyValue Property="LocalDataProperty" PropertyPath="VtwegTxt"/>
                                    <PropertyValue Property="ValueListProperty" String="VtwegTxt"/>
                                </Record>							
                            </Collection>
                        </PropertyValue>
                    </Record>
                </Annotation>            
            </Annotations>  

            <!-- <Annotations Target="ZOFFERTA_COPY_SRV.Posizione/Matnr">
                 
                <Annotation Term="Common.IsUpperCase" Bool="true"/>
                <Annotation Term="Common.ValueListForValidation" String="MaterialiSet"/>
                <Annotation Term="Common.ValueList">
                    <Record>
                        <PropertyValue Property="CollectionPath" String="MaterialiSet"/>

                
                        <PropertyValue Property="SearchSupported" Bool="true"/>
                        <PropertyValue Property="FetchValues" Int="1" />
                     

                        <PropertyValue Property="Parameters">
                            <Collection>
                                <Record Type="Common.ValueListParameterInOut">
                                    <PropertyValue Property="LocalDataProperty" PropertyPath="Matnr"/>
                                    <PropertyValue Property="ValueListProperty" String="Matnr"/>
                                </Record>
                                <Record Type="Common.ValueListParameterInOut">
                                    <PropertyValue Property="LocalDataProperty" PropertyPath="Arktx"/>
                                    <PropertyValue Property="ValueListProperty" String="Maktx"/>
                                </Record>
                                <Record Type="Common.ValueListParameterInOut">
                                    <PropertyValue Property="LocalDataProperty" PropertyPath="Vrkme"/>
                                    <PropertyValue Property="ValueListProperty" String="Meins"/>
                                </Record>								
                            </Collection>
                        </PropertyValue>
                    </Record>
                </Annotation>    
            </Annotations> -->
 
            <Annotations Target="ZOFFERTA_COPY_SRV.Posizione/Matnr">
                
                <Annotation Term="Common.Text" Path="Arktx">
                    <Annotation Term="UI.TextArrangement" EnumMember="UI.TextArrangementType/TextLast"/>
                </Annotation>

                <Annotation Term="Common.IsUpperCase" Bool="true"/>

                <Annotation Term="Common.ValueListForValidation" String="MaterialiSet"/>
                <Annotation Term="Common.ValueListWithFixedValues" Bool="false" />
                <Annotation Term="Common.ValueList">
                    <Record>
                        <PropertyValue Property="CollectionPath" String="MaterialiSet"/>
    
                        <PropertyValue Property="SearchSupported" Bool="true"/>
                       <!--  <PropertyValue Property="FetchValues" Int="1" />-->
                      
                        <PropertyValue Property="Parameters">
                            <Collection>
                                <Record Type="Common.ValueListParameterInOut">
                                    <PropertyValue Property="LocalDataProperty" PropertyPath="Matnr"/>
                                    <PropertyValue Property="ValueListProperty" String="Matnr"/>
                                </Record>
                                <Record Type="Common.ValueListParameterInOut">
                                    <PropertyValue Property="LocalDataProperty" PropertyPath="Arktx"/>
                                    <PropertyValue Property="ValueListProperty" String="Maktx"/>
                                </Record>
                                <Record Type="Common.ValueListParameterInOut">
                                    <PropertyValue Property="LocalDataProperty" PropertyPath="Vrkme"/>
                                    <PropertyValue Property="ValueListProperty" String="Meins"/>
                                </Record>
                                <Record Type="Common.ValueListParameterDisplayOnly">
                                  <!--  <PropertyValue Property="LocalDataProperty" PropertyPath="Prdha"/>-->
                                    <PropertyValue Property="ValueListProperty" String="Prdha"/>
                                </Record>
                                <Record Type="Common.ValueListParameterConstant">
                                    <!--  <PropertyValue Property="LocalDataProperty" PropertyPath="Prdha"/>-->
                                     <PropertyValue Property="ValueListProperty" String="Kunnr"/>
                                     <PropertyValue Property="Constant" String="XX"/>
                                </Record>
                                <Record Type="Common.ValueListParameterConstant">
                                    <!--  <PropertyValue Property="LocalDataProperty" PropertyPath="Prdha"/>-->
                                     <PropertyValue Property="ValueListProperty" String="Kdgrp"/>
                                     <PropertyValue Property="Constant" String="XX"/>
                                </Record>
                            </Collection>
                        </PropertyValue>
                    </Record>
                </Annotation>    
            </Annotations>  

            <!-- edit -->
           <!-- <Annotations Target="ZOFFERTA_COPY_SRV.Materiali/Matnr">
            
                <Annotation Term="Common.Text" Path="Maktx">
                    <Annotation Term="UI.TextArrangement" EnumMember="UI.TextArrangementType/TextFirst"/>
                </Annotation>
                
                
            </Annotations> --> <!--   sap:value-list="fixed-values"--> 
            

            <!-- edit -->
            <Annotations Target="ZOFFERTA_COPY_SRV.Incoterms/Inco1">
                
                <Annotation Term="Common.Text" Path="Bezei">
                    <Annotation Term="UI.TextArrangement" EnumMember="UI.TextArrangementType/TextFirst"/>
                </Annotation>
                
                <!--   sap:value-list="fixed-values"--> 
            </Annotations>
            

            <Annotations Target="ZOFFERTA_COPY_SRV.Testata/Inco1">
                <!-- display -->
                <Annotation Term="Common.Text" Path="Inco1Txt">
                    <Annotation Term="UI.TextArrangement" EnumMember="UI.TextArrangementType/TextFirst"/>
                </Annotation>

                <!--<Annotation Term="UI.HiddenFilter" Bool="true"/>-->

                <Annotation Term="Common.ValueListForValidation" String="IncotermsSet"/>
                <Annotation Term="Common.ValueListWithFixedValues" Bool="true" />
                <Annotation Term="Common.ValueList">
                    <Record>
                        <PropertyValue Property="CollectionPath" String="IncotermsSet"/>
                        <PropertyValue Property="SearchSupported" Bool="true"/>
                        <PropertyValue Property="FetchValues" Int="1" />
                        <PropertyValue Property="Parameters">
                            
                            <Collection>
                                <Record Type="Common.ValueListParameterInOut">
                                    <PropertyValue Property="LocalDataProperty" PropertyPath="Inco1"/>
                                    <PropertyValue Property="ValueListProperty" String="Inco1"/>
                                </Record>
                                <Record Type="Common.ValueListParameterOut">
                                    <PropertyValue Property="LocalDataProperty" PropertyPath="Inco1Txt"/>
                                    <PropertyValue Property="ValueListProperty" String="Bezei"/>
                                </Record>									
                            </Collection>
                        </PropertyValue>
                    </Record>
                </Annotation>            
            </Annotations>

            <!--
            <Annotations Target="ZOFFERTA_COPY_SRV.Testata">
                <Annotation Term="UI.Identification">
                	<Collection>
 
						<Record Type="UI.DataField">
                            <Annotation Term="UI.Importance" EnumMember="UI.ImportanceType/High"/>
							<PropertyValue Property="Value" Path="Vbeln"/>
						</Record>

						<Record Type="UI.DataField">
							<PropertyValue Property="Value" Path="Auart"/>
						</Record>	
						<Record Type="UI.DataField">
							<PropertyValue Property="Value" Path="KunnrCm"/>
						</Record>
						<Record Type="UI.DataField">
							<PropertyValue Property="Value" Path="KunnrDm"/>
						</Record>
						<Record Type="UI.DataField">
							<PropertyValue Property="Value" Path="Bstdk"/>
						</Record>	
						<Record Type="UI.DataField">
							<PropertyValue Property="Value" Path="Bstnk"/>
						</Record>	
						<Record Type="UI.DataField">
							<PropertyValue Property="Value" Path="Vkorg"/>
						</Record>

						<Record Type="UI.DataField">
							<PropertyValue Property="Value" Path="Vtweg"/>
						</Record>

						<Record Type="UI.DataField">
							<PropertyValue Property="Value" Path="Spart"/>
						</Record>
						<Record Type="UI.DataField">
							<PropertyValue Property="Value" Path="Inco1"/>
						</Record>
						<Record Type="UI.DataField">
							<PropertyValue Property="Value" Path="Angdt"/>
						</Record>
						<Record Type="UI.DataField">
							<PropertyValue Property="Value" Path="Bnddt"/>
						</Record>
						<Record Type="UI.DataField">
							<PropertyValue Property="Value" Path="Vdatu"/>
						</Record>												
						<Record Type="UI.DataField">
							<PropertyValue Property="Value" Path="Augru"/>
						</Record>											
						<Record Type="UI.DataField">
							<PropertyValue Property="Value" Path="Zterm"/>
						</Record>											
						<Record Type="UI.DataField">
							<PropertyValue Property="Value" Path="Kdgrp"/>
						</Record>
						<Record Type="UI.DataField">
							<PropertyValue Property="Value" Path="Zsin"/>
						</Record>
						<Record Type="UI.DataField">
							<PropertyValue Property="Value" Path="Zsce"/>
						</Record>                  
						<Record Type="UI.DataField">
							<PropertyValue Property="Value" Path="Netwr"/>
						</Record>		
						<Record Type="UI.DataField">
							<PropertyValue Property="Value" Path="Waerk"/>
						</Record>
                  
						<Record Type="UI.DataField">
							<PropertyValue Property="Value" Path="Akprz"/>
						</Record>    

					</Collection>

                </Annotation>

				<Annotation Term="UI.Facets">
					<Collection>
						<Record Type="UI.CollectionFacet">
							<PropertyValue Property="ID" String="GeneralInformation"/>
							<PropertyValue Property="Label" String="{@i18n>@GeneralInfoFacetLabel}"/>
							<PropertyValue Property="Facets">
								<Collection>
									<Record Type="UI.ReferenceFacet">
										<PropertyValue Property="Label" String="{@i18n>@GeneralInfoFacetLabel}"/>
										<PropertyValue Property="Target" AnnotationPath="@UI.Identification"/>
									</Record>
								</Collection>
							</PropertyValue>
						</Record>
                        <Record Type="UI.ReferenceFacet" >
							<PropertyValue Property="ID" String="Nav_Testata_Posizione"/>
                            <PropertyValue Property="Target" AnnotationPath="Nav_Testata_Posizione/@UI.LineItem"/>
							<PropertyValue Property="Label" String="{@i18n>@ItemFacetLabel}"/>
                        </Record>
					</Collection>
				</Annotation>
                
            </Annotations> -->

            <!-- FC -->
            <!--
            <Annotations Target="ZOFFERTA_COPY_SRV.Testata/KunnrDm">
                <Annotation Term="Common.Text" Path="Name1Dm">
                    <Annotation Term="UI.TextArrangement" EnumMember="UI.TextArrangementType/TextLast"/>
                </Annotation>
            </Annotations>
            <Annotations Target="ZOFFERTA_COPY_SRV.Testata/Vkorg">
                <Annotation Term="Common.Text" Path="VkorgTxt">
                    <Annotation Term="UI.TextArrangement" EnumMember="UI.TextArrangementType/TextLast"/>
                </Annotation>
            </Annotations>
            <Annotations Target="ZOFFERTA_COPY_SRV.Testata/Spart">
                <Annotation Term="Common.Text" Path="SpartTxt">
                    <Annotation Term="UI.TextArrangement" EnumMember="UI.TextArrangementType/TextLast"/>
                </Annotation>
            </Annotations>
            <Annotations Target="ZOFFERTA_COPY_SRV.Testata/Augru">
                <Annotation Term="Common.Text" Path="AugruTxt">
                    <Annotation Term="UI.TextArrangement" EnumMember="UI.TextArrangementType/TextLast"/>
                </Annotation>
            </Annotations>
            <Annotations Target="ZOFFERTA_COPY_SRV.Testata/Zterm">
                <Annotation Term="Common.Text" Path="ZtermTxt">
                    <Annotation Term="UI.TextArrangement" EnumMember="UI.TextArrangementType/TextLast"/>
                </Annotation>
            </Annotations>
            <Annotations Target="ZOFFERTA_COPY_SRV.Testata/Kdgrp">
                <Annotation Term="Common.Text" Path="KdgrpTxt">
                    <Annotation Term="UI.TextArrangement" EnumMember="UI.TextArrangementType/TextLast"/>
                </Annotation>
            </Annotations>
            <Annotations Target="ZOFFERTA_COPY_SRV.Testata/Auart">
                <Annotation Term="Common.Text" Path="AuartTxt">
                    <Annotation Term="UI.TextArrangement" EnumMember="UI.TextArrangementType/TextLast"/>
                </Annotation>
            </Annotations>
            <Annotations Target="ZOFFERTA_COPY_SRV.Testata/Vtweg">
                <Annotation Term="Common.Text" Path="VtwegTxt">
                    <Annotation Term="UI.TextArrangement" EnumMember="UI.TextArrangementType/TextLast"/>
                </Annotation>
            </Annotations>-->
            <!--
            <Annotations Target="ZOFFERTA_COPY_SRV.Posizione">

                <Annotation Term="Capabilities.UpdateRestrictions">
					<Record Type="Capabilities.UpdateRestrictionsType">
						<PropertyValue Property="Updatable" Bool="true"/>
					</Record>
				</Annotation>            
				<Annotation Term="Capabilities.InsertRestrictions">
					<Record Type="Capabilities.InsertRestrictionsType">
						<PropertyValue Property="Insertable" Bool="true"/>
					</Record>
				</Annotation>       

                <Annotation Term="UI.LineItem">
                	<Collection>
						<Record Type="UI.DataFieldForAction">
							<PropertyValue Property="Label" String="Activate"/>
							<PropertyValue Property="Action" String="ZOFFERTA_COPY_SRV.Posizione"/>
							<PropertyValue Property="InvocationGrouping" 
								EnumMember="UI.OperationGroupingType/ChangeSet"/>
						</Record>			
						<Record Type="UI.DataField">
							<PropertyValue Property="Value" Path="Matnr"/>
						</Record>
						<Record Type="UI.DataField">
							<PropertyValue Property="Value" Path="Arktx"/>
						</Record>
						<Record Type="UI.DataField">
							<PropertyValue Property="Value" Path="Kwmeng"/>
						</Record>
						<Record Type="UI.DataField">
							<PropertyValue Property="Value" Path="Netwr"/>
						</Record>
                        
						<Record Type="UI.DataField">
                            <PropertyValue Property="Value" Path="SemYptp"/>
                            <Annotation Term="UI.Importance" EnumMember="UI.ImportanceType/High"/>
                        </Record>

						<Record Type="UI.DataField">
							<PropertyValue Property="Value" Path="Zpli"/>
						</Record>
						<Record Type="UI.DataField">
							<PropertyValue Property="Value" Path="Zspn"/>
						</Record>
						<Record Type="UI.DataField">
							<PropertyValue Property="Value" Path="Zsr1"/>
						</Record>
						<Record Type="UI.DataField">
							<PropertyValue Property="Value" Path="Zsr2"/>
						</Record>
						<Record Type="UI.DataField">
							<PropertyValue Property="Value" Path="Zsr3"/>
						</Record>									
						<Record Type="UI.DataField">
							<PropertyValue Property="Value" Path="Zsr4"/>
						</Record>																														
					</Collection>

                </Annotation>
			</Annotations>-->

        </Schema>
    </edmx:DataServices>        
</edmx:Edmx>